frame,algorithm,scenario,robot_r,robot_c,goal_r,goal_c,nodes_expanded,max_queue_size,time_ms,path_cost,path_length,success,pedestrians_count,max_occupancy
1,Astar,BR-06,0,0,0,1,,,0.36619999445974827,1.0,1,True,8,0.0
2,Astar,BR-06,0,1,0,2,,,0.025099994672928005,109.63664069533816,1,True,6,108.63664069533816
3,Astar,BR-06,0,2,0,3,0.0,0.0,0.023799999326001853,inf,0,False,8,0.0
4,Astar,BR-06,0,2,0,3,,,0.02710000262595713,1.0,1,True,7,0.0
5,Astar,BR-06,0,3,0,4,,,0.025699999241624027,1.0000152299797447,1,True,9,1.5229979744679767e-05
6,Astar,BR-06,0,4,0,5,,,0.024000000848900527,1.000000000005213,1,True,13,5.21294118982496e-12
7,Astar,BR-06,0,5,0,6,,,0.02179999864893034,1.0,1,True,6,0.0
8,Astar,BR-06,0,6,0,7,,,0.025499997718725353,1.0,1,True,8,0.0
9,Astar,BR-06,0,7,0,8,,,0.035200006095692515,1.000090334930023,1,True,10,9.033493002297277e-05
10,Astar,BR-06,0,8,0,9,,,0.024100001610349864,1.0,1,True,12,0.0
11,Astar,BR-06,0,9,0,10,,,0.020300001779105514,1.000000005109089,1,True,3,5.1090889297000786e-09
12,Astar,BR-06,0,10,0,11,,,0.0385999956051819,1.0,1,True,8,0.0
13,Astar,BR-06,0,11,0,12,,,0.021899999410379678,109.37569641498754,1,True,13,108.37569641498754
14,Astar,BR-06,0,12,0,13,,,0.020699997548945248,1.0,1,True,6,0.0
15,Astar,BR-06,0,13,0,14,,,0.024599998141638935,1.000015288857679,1,True,10,1.528885767898558e-05
16,Astar,BR-06,0,14,1,14,,,0.019599996448960155,1.0,1,True,6,0.0
17,Astar,BR-06,1,14,1,15,,,0.0185999961104244,330.1929878142861,1,True,9,329.1929878142861
18,Astar,BR-06,1,15,1,16,,,0.03609999839682132,330.1929878079056,1,True,9,329.1929878079056
19,Astar,BR-06,1,16,1,17,,,0.025499997718725353,1.0149479125941516,1,True,6,0.014947912594151624
20,Astar,BR-06,1,17,2,17,,,0.020399995264597237,1.00833902965885,1,True,10,0.008339029658849917
21,Astar,BR-06,2,17,3,17,,,0.16600000526523218,56.645671470495344,1,True,13,55.645671470495344
22,Astar,BR-06,3,17,3,18,,,0.025199995434377342,1.0005331599071055,1,True,4,0.0005331599071054516
23,Astar,BR-06,3,18,3,19,,,0.020699997548945248,1.0,1,True,3,0.0
24,Astar,BR-06,3,19,2,19,,,0.02529999619582668,1.3358489016098098,1,True,12,0.33584890160980985
25,Astar,BR-06,2,19,2,20,,,0.025000001187436283,1.0149479125941718,1,True,11,0.01494791259417183
26,Astar,BR-06,2,20,1,20,,,0.02970000059576705,1.0000000000000393,1,True,9,3.930189507173054e-14
27,Astar,BR-06,1,20,0,20,,,0.03260000084992498,19.852873835618787,1,True,14,18.852873835618787
28,Astar,BR-06,0,20,0,19,,,0.02269999822601676,170.0136016619533,1,True,17,169.0136016619533
29,Astar,BR-06,0,19,0,18,,,0.02160000440198928,1.0,1,True,7,0.0
30,Astar,BR-06,0,18,0,17,,,0.019800005247816443,19.315638918963092,1,True,5,18.315638918963092
31,Astar,BR-06,0,17,0,16,,,0.020899999071843922,1.0,1,True,8,0.0
32,Astar,BR-06,0,16,2,16,,,0.025499997718725353,2.0000274251941716,2,True,11,1.5229979744679767e-05
33,Astar,BR-06,1,16,2,16,,,0.0242000023717992,1.0000000063804801,1,True,10,6.380480144230205e-09
34,Astar,BR-06,2,16,2,15,,,0.02540000423323363,109.41342315166006,1,True,8,108.41342315166006
35,Astar,BR-06,2,15,2,14,,,0.04130000161239877,1.0000000021004094,1,True,4,2.100409401961656e-09
36,Astar,BR-06,2,14,2,13,,,0.019800005247816443,1.000072248037876,1,True,8,7.224803787608813e-05
37,Astar,BR-06,2,13,2,12,,,0.05160000000614673,1.0000000000001488,1,True,7,1.4876988529977098e-13
38,Astar,BR-06,2,12,2,11,,,0.24960000155260786,29.565516016630532,1,True,10,28.565516016630532
39,Astar,BR-06,2,11,2,10,,,0.019700004486367106,1.0,1,True,5,0.0
40,Astar,BR-06,2,10,2,9,,,0.022499996703118086,1.000000000000049,1,True,5,4.907185768843192e-14
41,Astar,BR-06,2,9,2,8,,,0.02220000169472769,1.1379190705736255,1,True,13,0.1379190705736255
42,Astar,BR-06,2,8,2,7,,,0.024599998141638935,4.880865478281887,1,True,14,3.880865478281887
43,Astar,BR-06,2,7,2,6,,,0.022400003217626363,1.0000000588778855,1,True,6,5.8877885455999035e-08
44,Astar,BR-06,2,6,2,5,,,0.021599997126031667,1.0,1,True,10,0.0
45,Astar,BR-06,2,5,3,5,,,0.02160000440198928,1.0000000000101408,1,True,8,1.014077710692618e-11
46,Astar,BR-06,3,5,4,5,,,0.02099999983329326,1.000000000001714,1,True,6,1.7139623054163167e-12
47,Astar,BR-06,4,5,4,4,0.0,0.0,0.02340000355616212,inf,0,False,13,0.0
48,Astar,BR-06,4,5,4,4,,,0.021899999410379678,1.0,1,True,3,0.0
49,Astar,BR-06,4,4,4,3,,,0.023300002794712782,56.638017297785844,1,True,9,55.638017297785844
50,Astar,BR-06,4,3,4,2,,,0.02559999848017469,1.8159878350721483,1,True,7,0.8159878350721483
51,Astar,BR-06,4,2,4,1,,,0.030399998649954796,1.0000000588778855,1,True,13,5.8877885455999035e-08
52,Astar,BR-06,4,1,4,0,,,0.02469999890308827,1.0000000021004485,1,True,10,2.1004484818121227e-09
53,Astar,BR-06,4,0,5,0,,,0.02479999966453761,1.0,1,True,12,0.0
54,Astar,BR-06,5,0,6,0,,,0.023299995518755168,1.000000000012664,1,True,10,1.2664091997294236e-11
55,Astar,BR-06,6,0,7,0,,,0.020300001779105514,1.0000062612318572,1,True,13,6.261231857207505e-06
56,Astar,BR-06,7,0,8,0,0.0,0.0,0.024599998141638935,inf,0,False,12,0.0
57,Astar,BR-06,7,0,8,0,,,0.03060000017285347,1.5231953970456775,1,True,8,0.5231953970456775
58,Astar,BR-06,8,0,8,1,,,0.022499996703118086,1.0005331599071055,1,True,5,0.0005331599071054516
59,Astar,BR-06,8,1,9,1,,,0.029799994081258774,4.976352091042607,1,True,14,3.9763520910426067
60,Astar,BR-06,9,1,10,1,,,0.02239999594166875,1.000533251734439,1,True,5,0.0005332517344389665
61,Astar,BR-06,10,1,10,0,,,0.021200001356191933,1.5231953970456977,1,True,8,0.5231953970456977
62,Astar,BR-06,10,0,11,0,,,0.02099999983329326,1.0000000000101408,1,True,4,1.014077710692618e-11
63,Astar,BR-06,11,0,12,0,,,0.029199996788520366,1.0,1,True,6,0.0
64,Astar,BR-06,12,0,12,1,,,0.047100002120714635,12.74362845702136,1,True,6,11.74362845702136
65,Astar,BR-06,12,1,13,1,,,0.04289999924367294,1.0012968728770124,1,True,9,0.0012968728770124116
66,Astar,BR-06,13,1,14,1,0.0,0.0,2.569199998106342,inf,0,False,7,0.0
67,Astar,BR-06,13,1,14,1,,,0.02349999704165384,1.0005331607706163,1,True,5,0.00053316077061627
68,Astar,BR-06,14,1,14,2,,,0.03390000347280875,1.0,1,True,9,0.0
69,Astar,BR-06,14,2,15,2,,,0.025000001187436283,1.0083390287953458,1,True,11,0.00833902879534576
70,Astar,BR-06,15,2,15,3,,,0.022599997464567423,1.0000000000041689,1,True,4,4.168887457467463e-12
71,Astar,BR-06,15,3,14,3,,,0.02119999408023432,1.0000000000000042,1,True,6,4.218847493575595e-15
72,Astar,BR-06,14,3,14,4,,,0.026400004571769387,1.0454900408862617,1,True,12,0.04549004088626174
73,Astar,BR-06,14,4,15,4,,,0.01889999839477241,1.01494534391813,1,True,8,0.01494534391812996
74,Astar,BR-06,15,4,15,5,,,0.019499995687510818,1.268617473442305,1,True,6,0.268617473442305
75,Astar,BR-06,15,5,14,5,,,0.4388999950606376,56.74843022772902,1,True,10,55.74843022772902
76,Astar,BR-06,14,5,14,6,,,0.033200005418621004,31.154918179130448,1,True,11,30.154918179130448
77,Astar,BR-06,14,6,15,6,,,0.024000000848900527,1.1104319498862085,1,True,9,0.11043194988620852
78,Astar,BR-06,15,6,16,6,,,0.04350000381236896,12.758589025525886,1,True,13,11.758589025525886
79,Astar,BR-06,16,6,16,7,,,0.023200002033263445,1.019211936304759,1,True,11,0.019211936304758925
80,Astar,BR-06,16,7,17,7,,,0.029999995604157448,1.045399929762847,1,True,9,0.0453999297628469
81,Astar,BR-06,17,7,18,7,,,0.02149999636458233,1.0076731926483602,1,True,10,0.007673192648360194
82,Astar,BR-06,18,7,18,6,,,0.02600000152597204,12.743700704195732,1,True,10,11.743700704195732
83,Astar,BR-06,18,6,17,6,0.0,0.0,3.210400005627889,inf,0,False,15,0.0
84,Astar,BR-06,18,6,17,6,,,0.025300003471784294,1.0000000063804801,1,True,9,6.380480144230205e-09
85,Astar,BR-06,17,6,17,5,,,0.02050000330200419,1.0,1,True,5,0.0
86,Astar,BR-06,17,5,17,4,,,0.0225000039790757,1.0000000008635042,1,True,7,8.63504157067041e-10
87,Astar,BR-06,17,4,18,4,,,0.027900001441594213,1.0,1,True,7,0.0
88,Astar,BR-06,18,4,19,4,,,0.02340000355616212,1.0002737334235388,1,True,7,0.00027373342353875785
89,Astar,BR-06,19,4,19,3,0.0,0.0,0.02540000423323363,inf,0,False,6,0.0
90,Astar,BR-06,19,4,19,3,,,0.03360000118846074,353.0664527191445,1,True,8,352.0664527191445
91,Astar,BR-06,19,3,19,2,,,0.01920000067912042,1.0012968717292487,1,True,7,0.0012968717292487497
92,Astar,BR-06,19,2,18,2,,,0.023100001271814108,1.00000000000812,1,True,5,8.11994915750347e-12
93,Astar,BR-06,18,2,18,1,,,0.019999999494757503,1.0,1,True,5,0.0
94,Astar,BR-06,18,1,18,0,,,0.021900006686337292,1.000000005109089,1,True,9,5.1090889297000786e-09
95,Astar,BR-06,18,0,19,0,,,0.02439999661874026,330.1929878079056,1,True,4,329.1929878079056
96,Astar,BR-06,19,0,20,0,,,0.04949999856762588,109.90618297740964,1,True,10,108.90618297740964
97,Astar,BR-06,20,0,21,0,,,0.032500000088475645,1.0000000000003617,1,True,12,3.61710661422876e-13
98,Astar,BR-06,21,0,21,1,,,0.02300000051036477,1.0000000017396724,1,True,9,1.7396724061313762e-09
99,Astar,BR-06,21,1,22,1,,,0.0225000039790757,1.0000000063804801,1,True,6,6.380480144230205e-09
100,Astar,BR-06,22,1,23,1,,,0.0202999945031479,1.0000000000000202,1,True,6,2.020605904817785e-14
101,Astar,BR-06,23,1,23,0,,,0.02489999315002933,1.0,1,True,8,0.0
102,Astar,BR-06,23,0,24,0,,,0.026699999580159783,1.0095826579605365,1,True,8,0.009582657960536478
103,Astar,BR-06,24,0,24,1,0.0,0.0,0.02300000051036477,inf,0,False,8,0.0
104,Astar,BR-06,24,0,24,1,0.0,0.0,0.025800000003073364,inf,0,False,6,0.0
105,Astar,BR-06,24,0,24,1,,,0.022000000171829015,1.014945338534922,1,True,11,0.014945338534922081
106,Astar,BR-06,24,1,24,2,,,0.022700005501974374,1.0000000000000393,1,True,13,3.930189507173054e-14
107,Astar,BR-06,24,2,23,2,,,0.04050000279676169,1.00000000000812,1,True,9,8.11994915750347e-12
108,Astar,BR-06,23,2,23,3,,,0.028899994504172355,1.0000000080623563,1,True,12,8.06235633810104e-09
109,Astar,BR-06,23,3,23,4,,,0.022499996703118086,1.604080101344817,1,True,5,0.6040801013448169
110,Astar,BR-06,23,4,24,4,,,0.032199997804127634,1.0,1,True,8,0.0
111,Astar,BR-06,24,4,24,3,,,0.026700006856117398,29.56802683759165,1,True,14,28.56802683759165
112,Astar,BR-06,24,3,24,5,,,0.039000005926936865,272.6705664732254,2,True,7,135.3352832366127
113,Astar,BR-06,24,4,24,5,,,0.022499996703118086,1.0095826579605365,1,True,4,0.009582657960536478
114,Astar,BR-06,24,5,23,5,,,0.025300003471784294,1.0076731926483602,1,True,11,0.007673192648360194
115,Astar,BR-06,23,5,22,5,,,0.023100001271814108,1.0,1,True,9,0.0
116,Astar,BR-06,22,5,21,5,,,0.022599997464567423,2.58932728345657,1,True,11,1.5893272834565702
117,Astar,BR-06,21,5,20,5,,,0.02439999661874026,1.0000001788555852,1,True,9,1.788555852311191e-07
118,Astar,BR-06,20,5,20,4,,,0.02059999678749591,1.0,1,True,12,0.0
119,Astar,BR-06,20,4,21,4,,,0.020899999071843922,1.0000000302289143,1,True,10,3.022891426063268e-08
120,Astar,BR-06,21,4,21,3,,,0.029599999834317714,1.293145469927623,1,True,15,0.293145469927623
121,Astar,BR-06,21,3,22,3,,,0.033299998904112726,109.3680232218959,1,True,8,108.3680232218959
122,Astar,BR-06,22,3,22,2,0.0,0.0,1.9629999951575883,inf,0,False,12,0.0
123,Astar,BR-06,22,3,22,2,0.0,0.0,0.026200003048870713,inf,0,False,8,0.0
124,Astar,BR-06,22,3,22,2,,,0.02469999890308827,170.0133154069313,1,True,10,169.0133154069313
125,Astar,BR-06,22,2,22,0,,,0.026900001103058457,24.182758024261076,2,True,8,18.316172048641285
126,Astar,BR-06,22,1,22,0,,,0.020300001779105514,1.001296884156727,1,True,8,0.0012968841567269074
127,Astar,BR-06,22,0,20,1,,,0.03239999932702631,3.0,3,True,11,2.220446049250313e-16
128,Astar,BR-06,21,0,20,1,,,2.8480000037234277,439.56101103704543,2,True,7,329.1929878142861
129,Astar,BR-06,20,0,20,1,,,0.019500002963468432,1.0154786772871105,1,True,12,0.015478677287110498
130,Astar,BR-06,20,1,19,1,,,0.0259000007645227,4.8659201394728075,1,True,6,3.8659201394728075
131,Astar,BR-06,19,1,20,2,,,0.02359999780310318,2.0,2,True,5,0.0
132,Astar,BR-06,20,1,20,2,,,0.0185999961104244,1.268617473442305,1,True,9,0.268617473442305
133,Astar,BR-06,20,2,20,3,,,0.022100000933278352,1.0,1,True,7,0.0
134,Astar,BR-06,20,3,22,4,,,0.037699996028095484,3.0,3,True,5,0.0
135,Astar,BR-06,21,3,22,4,,,0.03090000245720148,16.124768610965873,2,True,7,12.012245930463665
136,Astar,BR-06,22,3,22,4,,,0.028099995688535273,1.045400153135769,1,True,9,0.04540015313576906
137,Astar,BR-06,22,4,22,6,,,0.022599997464567423,2.000279998437634,2,True,10,0.00027373510536743417
138,Astar,BR-06,22,5,22,6,,,0.022899999748915434,109.36802322189585,1,True,6,108.36802322189585
139,Astar,BR-06,22,6,22,7,,,0.03850000211969018,1.0012973067812472,1,True,12,0.0012973067812471761
140,Astar,BR-06,22,7,22,8,,,0.030499999411404133,1.0,1,True,8,0.0
141,Astar,BR-06,22,8,21,8,,,0.020499996026046574,2.589327283457239,1,True,13,1.589327283457239
142,Astar,BR-06,21,8,20,8,,,0.023300002794712782,1.0000000063804804,1,True,11,6.38048036627481e-09
143,Astar,BR-06,20,8,20,7,,,0.029299997549969703,25.600705004032,1,True,10,24.600705004032
144,Astar,BR-06,20,7,21,7,,,0.01960000372491777,1.1290964138906436,1,True,7,0.12909641389064364
145,Astar,BR-06,21,7,21,6,,,0.026100002287421376,1.0,1,True,9,0.0
146,Astar,BR-06,21,6,20,6,,,0.02680000034160912,1.3354628067580985,1,True,10,0.3354628067580985
147,Astar,BR-06,20,6,19,6,,,0.031000003218650818,64.93843388359659,1,True,8,63.93843388359659
148,Astar,BR-06,19,6,19,5,,,0.01960000372491777,1.0186796990932654,1,True,8,0.01867969909326539
149,Astar,BR-06,19,5,18,5,,,0.03930000093532726,1.0025259612139392,1,True,6,0.0025259612139392207
150,Astar,BR-06,18,5,16,5,,,0.04520000220509246,2.0,2,True,15,0.0
151,Astar,BR-06,17,5,16,5,,,0.018999999156221747,23.876006104533005,1,True,10,22.876006104533005
152,Astar,BR-06,16,5,16,4,,,0.020300001779105514,4.233499661701802,1,True,16,3.233499661701802
153,Astar,BR-06,16,4,16,3,,,0.02149999636458233,1.8159878350721481,1,True,5,0.8159878350721481
154,Astar,BR-06,16,3,16,2,,,0.024400003894697875,1.0000121952185963,1,True,8,1.219521859630035e-05
155,Astar,BR-06,16,2,16,1,,,0.04510000144364312,1.0149453385247815,1,True,7,0.014945338524781526
156,Astar,BR-06,16,1,16,0,,,0.029800001357216388,1.000000000001714,1,True,9,1.7139623054163167e-12
157,Astar,BR-06,16,0,17,0,,,0.019499995687510818,1.0,1,True,8,0.0
158,Astar,BR-06,17,0,17,1,,,0.022899999748915434,1.0000000000001488,1,True,9,1.4876988529977098e-13
159,Astar,BR-06,17,1,17,2,,,0.030499999411404133,23.873464912102413,1,True,6,22.873464912102413
160,Astar,BR-06,17,2,17,3,,,0.02479999966453761,2.6042726283617927,1,True,12,1.6042726283617927
161,Astar,BR-06,17,3,13,3,,,0.050199996621813625,44.45552079548097,6,True,12,28.565500784550384
162,Astar,BR-06,17,2,13,2,,,0.036600002204068005,4.000000000004321,4,True,8,4.168887457467463e-12
163,Astar,BR-06,16,2,13,2,0.0,0.0,0.02280000626342371,inf,0,False,11,0.0
164,Astar,BR-06,16,2,13,2,,,0.04079999780515209,3.0,3,True,8,0.0
165,Astar,BR-06,15,2,13,2,,,0.027399997634347528,2.0000000000081686,2,True,6,8.11994915750347e-12
166,Astar,BR-06,14,2,13,2,,,0.01979999797185883,1.0000062612318585,1,True,9,6.261231858539773e-06
167,Astar,BR-06,13,2,13,3,,,0.019599996448960155,1.0000002233631522,1,True,11,2.2336315219639857e-07
168,Astar,BR-06,13,3,12,3,,,0.025399996957276016,1.0076736279898244,1,True,10,0.007673627989824405
169,Astar,BR-06,12,3,11,3,,,0.02819999644998461,1.1104319447771196,1,True,12,0.1104319447771196
170,Astar,BR-06,11,3,11,4,,,0.02010000025620684,2.59185324467047,1,True,8,1.59185324467047
171,Astar,BR-06,11,4,12,4,,,0.05729999975301325,1.1379128093365654,1,True,15,0.13791280933656536
172,Astar,BR-06,12,4,13,4,0.0,0.0,2.4906999969971366,inf,0,False,8,0.0
173,Astar,BR-06,12,4,13,4,,,0.174299995705951,23.873484023019362,1,True,10,22.873484023019362
174,Astar,BR-06,13,4,13,5,,,0.01809999957913533,1.1379132443885602,1,True,7,0.13791324438856023
175,Astar,BR-06,13,5,12,5,,,0.02059999678749591,1.0,1,True,7,0.0
176,Astar,BR-06,12,5,11,5,,,0.029299997549969703,19.316446217116773,1,True,8,18.316446217116773
177,Astar,BR-06,11,5,11,6,,,0.022899999748915434,4.976352084249927,1,True,5,3.9763520842499274
178,Astar,BR-06,11,6,11,7,0.0,0.0,0.050000002374872565,inf,0,False,11,0.0
179,Astar,BR-06,11,6,11,7,,,0.022899999748915434,1.000000223363145,1,True,7,2.2336314509097122e-07
180,Astar,BR-06,11,7,12,7,,,0.7152999969548546,79.51146318908172,1,True,5,78.51146318908172
181,Astar,BR-06,12,7,13,7,,,0.029299997549969703,1.0000000926908377,1,True,10,9.26908376719382e-08
182,Astar,BR-06,13,7,14,7,,,0.03409999771974981,56.645671470491216,1,True,12,55.645671470491216
183,Astar,BR-06,14,7,15,7,,,0.029199996788520366,1.0000062914608205,1,True,11,6.291460820539996e-06
184,Astar,BR-06,15,7,15,8,,,0.019699997210409492,1.0000000000003662,1,True,6,3.6615155352137663e-13
185,Astar,BR-06,15,8,16,8,,,0.023200002033263445,1.5231953970456775,1,True,3,0.5231953970456775
186,Astar,BR-06,16,8,16,9,,,0.025699999241624027,1.0000901175040215,1,True,9,9.011750402154739e-05
187,Astar,BR-06,16,9,17,9,,,0.019499995687510818,1.000273733423529,1,True,6,0.0002737334235289879
188,Astar,BR-06,17,9,18,9,,,0.019499995687510818,23.873464970116792,1,True,9,22.873464970116792
189,Astar,BR-06,18,9,18,8,,,0.0351999988197349,1.0000000000000393,1,True,13,3.930189507173054e-14
190,Astar,BR-06,18,8,19,8,,,1.7360999991069548,170.01331540606608,1,True,9,169.01331540606608
191,Astar,BR-06,19,8,19,9,,,0.023999993572942913,1.000552181531961,1,True,15,0.0005521815319609047
192,Astar,BR-06,19,9,20,9,,,1.2492000023485161,109.3680232218959,1,True,10,108.3680232218959
193,Astar,BR-06,20,9,20,10,,,0.026400004571769387,1.002526053041273,1,True,8,0.0025260530412729576
194,Astar,BR-06,20,10,19,10,,,0.02119999408023432,56.638000864339716,1,True,10,55.638000864339716
195,Astar,BR-06,19,10,18,10,,,0.02269999822601676,1.5231953970456775,1,True,5,0.5231953970456775
196,Astar,BR-06,18,10,18,11,,,0.02499999391147867,23.98390937847974,1,True,10,22.98390937847974
197,Astar,BR-06,18,11,19,11,,,0.02710000262595713,23.873555022366617,1,True,6,22.873555022366617
198,Astar,BR-06,19,11,20,11,,,0.022000000171829015,1.110434005930742,1,True,8,0.11043400593074204
199,Astar,BR-06,20,11,21,11,,,0.021200001356191933,330.7161832050262,1,True,9,329.7161832050262
200,Astar,BR-06,21,11,21,12,,,0.026500005333218724,1.0000000016818762,1,True,9,1.6818761938708349e-09
201,Astar,BR-06,21,12,21,13,,,0.021700005163438618,1.0000122003235556,1,True,13,1.2200323555644488e-05
202,Astar,BR-06,21,13,21,14,,,0.02119999408023432,4.8659201394728075,1,True,5,3.8659201394728075
203,Astar,BR-06,21,14,21,15,,,0.02970000059576705,4.12547788712525,1,True,12,3.1254778871252498
204,Astar,BR-06,21,15,20,15,,,0.02349999704165384,1.110504100124207,1,True,7,0.11050410012420708
205,Astar,BR-06,20,15,20,14,,,0.028799993742723018,1.0000025740693703,1,True,7,2.574069370320231e-06
206,Astar,BR-06,20,14,20,13,,,0.024599998141638935,1.0000190199481855,1,True,8,1.9019948185539093e-05
207,Astar,BR-06,20,13,20,12,,,0.025800000003073364,1.0000001788552235,1,True,4,1.7885522352045768e-07
208,Astar,BR-06,20,12,19,12,0.0,0.0,0.023100001271814108,inf,0,False,9,0.0
209,Astar,BR-06,20,12,19,12,,,0.021599997126031667,1.000533160770669,1,True,11,0.0005331607706688946
210,Astar,BR-06,19,12,18,12,,,0.035899996873922646,1.0453999297624847,1,True,7,0.04539992976248475
211,Astar,BR-06,18,12,17,12,0.0,0.0,0.03879999712808058,inf,0,False,8,0.0
212,Astar,BR-06,18,12,17,12,,,0.02319999475730583,1.0453999297624847,1,True,11,0.04539992976248475
213,Astar,BR-06,17,12,17,11,,,0.02220000169472769,1.0000000918273826,1,True,9,9.182738258672885e-08
214,Astar,BR-06,17,11,17,10,,,0.023100001271814108,4.9763520893590165,1,True,6,3.9763520893590165
215,Astar,BR-06,17,10,16,10,,,1.186299996334128,109.368023445259,1,True,12,108.368023445259
216,Astar,BR-06,16,10,16,11,,,0.023600005079060793,1.0076798023175546,1,True,15,0.007679802317554607
217,Astar,BR-06,16,11,16,12,,,0.022100000933278352,1.0000000000041689,1,True,7,4.168887457467463e-12
218,Astar,BR-06,16,12,16,13,,,0.03749999450519681,2.589327506819674,1,True,12,1.5893275068196742
219,Astar,BR-06,16,13,16,14,,,0.025199995434377342,59.73359139144423,1,True,12,58.73359139144423
220,Astar,BR-06,16,14,15,14,,,0.024300003133248538,4.8665859880474205,1,True,10,3.8665859880474205
221,Astar,BR-06,15,14,14,14,,,0.02510000194888562,1.2689036254433659,1,True,11,0.2689036254433659
222,Astar,BR-06,14,14,14,13,,,0.020600004063453525,1.0095826579605365,1,True,8,0.009582657960536478
223,Astar,BR-06,14,13,13,13,,,0.033200005418621004,2.589346303399549,1,True,6,1.589346303399549
224,Astar,BR-06,13,13,13,12,0.0,0.0,0.025300003471784294,inf,0,False,15,0.0
225,Astar,BR-06,13,13,13,12,,,0.02040000254055485,1.1110977809241054,1,True,8,0.11109778092410538
226,Astar,BR-06,13,12,13,11,,,0.31960000342223793,31.154918179130448,1,True,10,30.154918179130448
227,Astar,BR-06,13,11,14,11,,,0.028100002964492887,1.0000901132239508,1,True,4,9.011322395080512e-05
228,Astar,BR-06,14,11,14,10,,,0.020899999071843922,1.0000062612318574,1,True,9,6.26123185742955e-06
229,Astar,BR-06,14,10,14,9,,,0.028999995265621692,1.0187366248048177,1,True,6,0.018736624804817748
230,Astar,BR-06,14,9,14,8,,,0.05769999552285299,12.74362845702136,1,True,8,11.74362845702136
231,Astar,BR-06,14,8,13,8,,,0.036299999919719994,4.865923148878435,1,True,17,3.8659231488784354
232,Astar,BR-06,13,8,12,8,,,0.022799998987466097,1.000000007244133,1,True,10,7.244133071182546e-09
233,Astar,BR-06,12,8,11,8,,,0.021400002879090607,1.0454001531256285,1,True,5,0.045400153125628506
234,Astar,BR-06,11,8,10,8,,,0.029499999072868377,1.000000223647403,1,True,8,2.2364740304148256e-07
235,Astar,BR-06,10,8,10,7,,,0.0794000006862916,19.315638888734178,1,True,2,18.315638888734178
236,Astar,BR-06,10,7,9,7,,,0.0478999936603941,56.63799827784281,1,True,8,55.63799827784281
237,Astar,BR-06,9,7,9,6,,,0.021099993318784982,1.0000000000007045,1,True,9,7.045475314271243e-13
238,Astar,BR-06,9,6,9,5,,,0.020700004824902862,56.63807669442171,1,True,10,55.63807669442171
239,Astar,BR-06,9,5,9,4,,,1.5618999968864955,170.01331540607623,1,True,6,169.01331540607623
240,Astar,BR-06,9,4,9,3,,,0.7643999997526407,56.63799827784281,1,True,7,55.63799827784281
241,Astar,BR-06,9,3,10,3,0.0,0.0,2.5963999942177907,inf,0,False,9,0.0
242,Astar,BR-06,9,3,10,3,,,0.01930000144056976,1.0000000000000002,1,True,7,2.220446049250313e-16
243,Astar,BR-06,10,3,10,2,,,0.023300002794712782,1.0000000000000004,1,True,6,4.440892098500626e-16
244,Astar,BR-06,10,2,11,2,,,0.18980000459123403,29.580446346438304,1,True,16,28.580446346438304
245,Astar,BR-06,11,2,11,1,,,0.020899999071843922,1.0,1,True,10,0.0
246,Astar,BR-06,11,1,12,2,,,0.025200002710334957,2.0000020913825365,2,True,5,2.061153622445744e-06
247,Astar,BR-06,12,1,12,2,,,0.02050000330200419,1.0000001836588361,1,True,10,1.8365883613924439e-07
248,Astar,BR-06,12,2,13,0,,,0.027999994927085936,3.016277516707908,3,True,5,0.014945397686926265
249,Astar,BR-06,13,2,13,0,,,0.03309999738121405,2.0,2,True,5,0.0
250,Astar,BR-06,13,1,13,0,0.0,0.0,0.02359999780310318,inf,0,False,13,0.0
251,Astar,BR-06,13,1,13,0,,,0.021399995603132993,1.0,1,True,9,0.0
252,Astar,BR-06,13,0,15,0,,,0.05729999975301325,8.050468499482099,8,True,10,0.014945576257893833
253,Astar,BR-06,13,1,15,0,,,2.8204000045661815,1147.7256235334783,7,True,10,329.3309196371851
254,Astar,BR-06,14,1,15,0,,,0.04659999831346795,6.103508476595641,6,True,12,0.04620682395681608
255,Astar,BR-06,14,2,15,0,,,0.14450000162469223,49.886317392528504,5,True,12,18.315639341840946
256,Astar,BR-06,15,2,15,0,,,0.04050000279676169,4.00679385577853,4,True,13,0.0030713163371860475
257,Astar,BR-06,16,2,15,0,,,0.03809999907389283,3.000000000010249,3,True,10,1.014077710692618e-11
258,Astar,BR-06,16,1,15,0,,,0.04409999382914975,7.455247422929339,2,True,6,3.8659201394728075
259,Astar,BR-06,16,0,15,0,,,0.04579999949783087,19.315639323786176,1,True,9,18.315639323786176
260,Astar,BR-06,15,0,9,0,,,0.08710000111022964,26.627630678127236,12,True,9,3.8659201394728075
261,Astar,BR-06,16,0,9,0,,,0.06349999603116885,11.000000000000016,11,True,5,6.661338147750939e-15
262,Astar,BR-06,16,1,17,8,,,0.08540000271750614,604.1694533584133,8,True,8,329.20257046586613
263,Astar,BR-06,16,2,17,8,0.0,0.0,2.5836000058916397,inf,0,False,10,0.0
264,Astar,BR-06,16,2,17,8,,,0.40609999996377155,35.15934438136696,7,True,11,18.316174622710655
265,Astar,BR-06,16,3,17,8,,,0.062399994931183755,43.876969167133964,10,True,11,28.565500784550377
266,Astar,BR-06,15,3,13,6,,,0.04320000152802095,5.000000005726496,5,True,5,5.1146571422577836e-09
267,Astar,BR-06,14,3,13,6,,,0.35349999961908907,26.750154355015148,4,True,6,18.315638888734178
268,Astar,BR-06,13,3,13,6,,,0.03390000347280875,3.284095977338354,3,True,7,0.26861747512418144
269,Astar,BR-06,13,4,13,6,,,0.17660000594332814,501.18299166415983,2,True,12,329.9854239494242
270,Astar,BR-06,13,5,13,6,0.0,0.0,0.025099994672928005,inf,0,False,11,0.0
271,Astar,BR-06,13,5,13,6,,,0.030499999411404133,4.8659201394728075,1,True,8,3.8659201394728075
272,Astar,BR-06,13,6,10,6,,,0.03090000245720148,5.022901290071479,5,True,12,0.01494536875369712
273,Astar,BR-06,13,7,13,9,,,0.040099999750964344,2.000019577111586,2,True,10,1.91118303118909e-05
274,Astar,BR-06,13,8,13,9,,,0.02499999391147867,1.0000003483624464,1,True,5,3.4836244644509406e-07
275,Astar,BR-06,13,9,12,9,,,0.019999999494757503,4.8659201394728075,1,True,5,3.8659201394728075
276,Astar,BR-06,12,9,11,9,,,0.02010000025620684,1.045763774309516,1,True,8,0.04576377430951606
277,Astar,BR-06,11,9,10,9,,,0.021399995603132993,19.31572899985772,1,True,7,18.31572899985772
278,Astar,BR-06,10,9,10,10,0.0,0.0,0.022499996703118086,inf,0,False,6,0.0
279,Astar,BR-06,10,9,10,10,,,0.021100000594742596,1.0000004350519984,1,True,5,4.3505199842641673e-07
280,Astar,BR-06,10,10,10,11,,,0.03840000135824084,1.1404387706105004,1,True,8,0.14043877061050036
281,Astar,BR-06,10,11,9,11,,,0.019899998733308166,1.000535733976477,1,True,11,0.0005357339764771041
282,Astar,BR-06,9,11,8,11,,,0.03270000161137432,4.8659201394728075,1,True,8,3.8659201394728075
283,Astar,BR-06,8,11,7,11,,,0.027399997634347528,1.5231953970456775,1,True,9,0.5231953970456775
284,Astar,BR-06,7,11,7,10,,,0.023200002033263445,1.0,1,True,4,0.0
285,Astar,BR-06,7,10,8,10,,,0.023100001271814108,1.0000000000101408,1,True,10,1.014077710692618e-11
286,Astar,BR-06,8,10,8,9,,,0.021699997887481004,1.0000000000000002,1,True,4,2.220446049250313e-16
287,Astar,BR-06,8,9,9,9,,,0.020799998310394585,1.0000154390656455,1,True,15,1.543906564549502e-05
288,Astar,BR-06,9,9,9,10,,,0.045700006012339145,12.74373758814788,1,True,16,11.74373758814788
289,Astar,BR-06,9,10,9,12,,,0.025199995434377342,69.3816267357358,2,True,4,55.63799827785093
290,Astar,BR-06,9,11,9,12,,,0.6121000042185187,56.645671470491536,1,True,9,55.645671470491536
291,Astar,BR-06,9,12,9,13,,,0.021500003640539944,23.873473233624388,1,True,5,22.873473233624388
292,Astar,BR-06,9,13,10,13,,,0.0202999945031479,29.565502845705712,1,True,12,28.565502845705712
293,Astar,BR-06,10,13,11,13,,,0.022799998987466097,1.0000002233732843,1,True,8,2.233732843137659e-07
294,Astar,BR-06,11,13,11,14,,,0.062200000684242696,23.888410251445567,1,True,4,22.888410251445567
295,Astar,BR-06,11,14,12,14,0.0,0.0,0.02890000178012997,inf,0,False,15,0.0
296,Astar,BR-06,11,14,12,14,,,0.025800000003073364,23.87358982048328,1,True,6,22.87358982048328
297,Astar,BR-06,12,14,12,13,,,0.041200000850949436,4.865920140341518,1,True,13,3.865920140341518
298,Astar,BR-06,12,13,12,12,,,0.022400003217626363,1.0,1,True,3,0.0
299,Astar,BR-06,12,12,12,11,,,0.02130000211764127,1.000000000060002,1,True,7,6.000200336586659e-11
300,Astar,BR-06,12,11,12,10,,,0.05839999357704073,29.5655009634056,1,True,5,28.5655009634056
301,Astar,BR-06,12,10,13,10,,,0.05909999890718609,23.883047569199494,1,True,14,22.883047569199494
302,Astar,BR-06,13,10,15,10,,,0.02609999501146376,226.70629653370557,2,True,7,169.05871558942133
303,Astar,BR-06,14,10,15,10,,,0.3117000014754012,56.656684238167934,1,True,11,55.656684238167934
304,Astar,BR-06,15,10,15,9,0.0,0.0,0.028800001018680632,inf,0,False,16,0.0
305,Astar,BR-06,15,10,15,9,,,0.03680000372696668,1.0005331599071055,1,True,7,0.0005331599071054516
306,Astar,BR-06,15,9,15,11,,,0.025000001187436283,2.000000063995799,2,True,9,5.887859000353046e-08
307,Astar,BR-06,15,10,15,11,0.0,0.0,0.026299996534362435,inf,0,False,10,0.0
308,Astar,BR-06,15,10,15,11,,,0.024900000425986946,1.0005523587053082,1,True,9,0.0005523587053082313
309,Astar,BR-06,15,11,15,12,,,0.03040000592591241,1.1379190705691238,1,True,7,0.13791907056912378
310,Astar,BR-06,15,12,14,12,,,0.0425000034738332,2.7273526279678153,1,True,8,1.7273526279678153
311,Astar,BR-06,14,12,13,14,0.0,0.0,0.033700001949910074,inf,0,False,10,0.0
312,Astar,BR-06,14,12,13,14,,,0.037500001781154424,3.048629728129119,3,True,7,0.04540625031556522
313,Astar,BR-06,13,12,13,14,,,0.03229999856557697,2.019330305270797,2,True,9,0.018664469123661265
314,Astar,BR-06,13,13,13,14,,,0.04230000195093453,1.000000030229619,1,True,7,3.022961903020871e-08
315,Astar,BR-06,13,14,13,15,,,0.02269999822601676,4.867217011202056,1,True,8,3.8672170112020563
316,Astar,BR-06,13,15,14,15,,,0.019500002963468432,1.0005331599085148,1,True,11,0.0005331599085147687
317,Astar,BR-06,14,15,14,16,,,0.02510000194888562,1.0005331616491364,1,True,7,0.0005331616491364155
318,Astar,BR-06,14,16,15,16,,,0.03189999551977962,4.865920139474522,1,True,7,3.8659201394745217
319,Astar,BR-06,15,16,15,15,,,0.018999999156221747,1.0000191987982026,1,True,8,1.9198798202557654e-05
320,Astar,BR-06,15,15,16,15,,,0.02359999780310318,1.0000004474794766,1,True,9,4.474794765840784e-07
321,Astar,BR-06,16,15,17,15,,,0.02409999433439225,1.0000721553470875,1,True,5,7.215534708748805e-05
322,Astar,BR-06,17,15,17,14,,,0.02059999678749591,20.90498562915187,1,True,15,19.90498562915187
323,Astar,BR-06,17,14,18,14,,,0.02099999983329326,24.507092254743604,1,True,13,23.507092254743604
324,Astar,BR-06,18,14,18,13,,,0.0208000055863522,2.589327506819674,1,True,7,1.5893275068196742
325,Astar,BR-06,18,13,19,13,,,0.020899999071843922,1.52319539704573,1,True,7,0.5231953970457299
326,Astar,BR-06,19,13,19,14,,,0.03850000211969018,1.0000062914607715,1,True,5,6.291460771468138e-06
327,Astar,BR-06,19,14,19,15,,,0.025200002710334957,1.0002737334286962,1,True,10,0.0002737334286961879
328,Astar,BR-06,19,15,18,15,,,0.019999999494757503,1.5232675524527197,1,True,12,0.5232675524527197
329,Astar,BR-06,18,15,18,16,,,0.04140000237384811,1.0000003834289075,1,True,12,3.834289075133057e-07
330,Astar,BR-06,18,16,19,16,,,0.02099999983329326,1.0005357340364749,1,True,4,0.0005357340364748886
331,Astar,BR-06,19,16,19,17,,,0.02040000254055485,1.0000001788633435,1,True,5,1.788633434696152e-07
332,Astar,BR-06,19,17,19,18,0.0,0.0,2.3753999994369224,inf,0,False,7,0.0
333,Astar,BR-06,19,17,19,18,0.0,0.0,0.02559999848017469,inf,0,False,7,0.0
334,Astar,BR-06,19,17,19,18,,,0.03429999924264848,31.665656719703644,1,True,11,30.665656719703644
335,Astar,BR-06,19,18,20,18,,,0.03909999941242859,1.0000000305131738,1,True,8,3.051317376545626e-08
336,Astar,BR-06,20,18,21,18,,,0.025000001187436283,109.368023445259,1,True,5,108.368023445259
337,Astar,BR-06,21,18,22,18,,,0.02649999805726111,1.0025259628958156,1,True,9,0.0025259628958156366
338,Astar,BR-06,22,18,22,17,,,0.0225000039790757,1.0149453436338705,1,True,9,0.014945343633870456
339,Astar,BR-06,22,17,23,17,,,0.028399997972883284,29.566124055581025,1,True,8,28.566124055581025
340,Astar,BR-06,23,17,23,16,,,0.024299995857290924,1.0,1,True,9,0.0
341,Astar,BR-06,23,16,23,15,,,0.02010000025620684,1.2686174734423443,1,True,7,0.2686174734423443
342,Astar,BR-06,23,15,23,14,,,0.021400002879090607,1.8346523050593135,1,True,6,0.8346523050593135
343,Astar,BR-06,23,14,24,14,,,0.02099999983329326,1.0640647472384128,1,True,11,0.06406474723841282
344,Astar,BR-06,24,14,24,13,,,0.019499995687510818,5.086784029027048,1,True,14,4.086784029027048
345,Astar,BR-06,24,13,24,12,,,0.022599997464567423,1.0000000000599993,1,True,7,5.999933883060748e-11
346,Astar,BR-06,24,12,24,11,,,0.018799997633323073,1.1392096816444703,1,True,12,0.13920968164447034
347,Astar,BR-06,24,11,23,11,,,0.024300003133248538,1.0149453385247815,1,True,9,0.014945338524781526
348,Astar,BR-06,23,11,23,10,0.0,0.0,0.023100001271814108,inf,0,False,5,0.0
349,Astar,BR-06,23,11,23,10,,,0.02479999966453761,1.0,1,True,13,0.0
350,Astar,BR-06,23,10,22,10,0.0,0.0,0.04719999560620636,inf,0,False,9,0.0
351,Astar,BR-06,23,10,22,10,,,0.02099999983329326,1.0,1,True,3,0.0
352,Astar,BR-06,22,10,22,9,,,0.03109999670414254,136.3352832366127,1,True,6,135.3352832366127
353,Astar,BR-06,22,9,23,9,,,0.03310000465717167,5.003833297171781,1,True,15,4.003833297171781
354,Astar,BR-06,23,9,23,8,,,0.02160000440198928,23.87346703241818,1,True,13,22.87346703241818
355,Astar,BR-06,23,8,24,8,,,0.020399995264597237,4.865922207007059,1,True,11,3.865922207007059
356,Astar,BR-06,24,8,24,7,0.0,0.0,0.04769999941345304,inf,0,False,8,0.0
357,Astar,BR-06,24,8,24,7,,,0.027300004148855805,4.865926400704665,1,True,15,3.865926400704665
358,Astar,BR-06,24,7,24,6,,,0.019999999494757503,1.0,1,True,3,0.0
359,Astar,BR-06,24,6,23,7,,,0.02600000152597204,2.0,2,True,12,0.0
360,Astar,BR-06,24,7,23,7,,,0.02179999864893034,1.0,1,True,12,0.0
361,Astar,BR-06,23,7,24,9,,,0.03060000017285347,3.000000002128573,3,True,6,2.1005579498023508e-09
362,Astar,BR-06,24,7,24,9,,,0.02529999619582668,3.7751659837695235,2,True,10,1.6347272132190156
363,Astar,BR-06,24,8,24,9,,,0.038899997889529914,1.0000721553470386,1,True,5,7.215534703863824e-05
364,Astar,BR-06,24,9,21,9,,,0.1233000002685003,77.44079805512703,7,True,7,55.648114095720594
365,Astar,BR-06,24,8,21,9,,,0.07170000026235357,4.000000000010293,4,True,9,1.014077710692618e-11
366,Astar,BR-06,23,8,21,9,,,0.02179999864893034,3.3059464116698933,3,True,11,0.26861747344230946
367,Astar,BR-06,23,9,21,9,,,0.02469999890308827,2.0103183122065253,2,True,14,0.007786077048990814
368,Astar,BR-06,22,9,21,9,,,0.02269999822601676,1.1379128093365618,1,True,9,0.1379128093365618
369,Astar,BR-06,21,9,22,11,,,0.10869999823626131,3.00000000006692,3,True,7,5.999933883060748e-11
370,Astar,BR-06,22,9,22,11,,,0.024000000848900527,6.681907974545191,2,True,10,3.865920139472811
371,Astar,BR-06,22,10,22,11,,,0.03550000110408291,2.6042726219813126,1,True,9,1.6042726219813126
372,Astar,BR-06,22,11,22,12,,,0.0335000004270114,1.0,1,True,2,0.0
373,Astar,BR-06,22,12,23,12,,,0.03460000152699649,2.589327283456531,1,True,9,1.589327283456531
374,Astar,BR-06,23,12,22,13,,,0.030700000934302807,2.0000000639869744,2,True,9,5.8877885455999035e-08
375,Astar,BR-06,22,12,22,13,,,0.028500006010290235,1.0000000016860844,1,True,8,1.686084383223374e-09
376,Astar,BR-06,22,13,22,14,,,0.027800000680144876,2.589327283456531,1,True,6,1.589327283456531
377,Astar,BR-06,22,14,22,15,,,0.023999993572942913,1.1379128102053118,1,True,6,0.13791281020531176
378,Astar,BR-06,22,15,22,16,,,0.024400003894697875,1.0000000588778868,1,True,5,5.8877886788266665e-08
379,Astar,BR-06,22,16,21,16,,,0.02600000152597204,1.0000000008635042,1,True,11,8.63504157067041e-10
380,Astar,BR-06,21,16,21,17,,,0.025199995434377342,1.1379128093447308,1,True,6,0.13791280934473082
381,Astar,BR-06,21,17,20,17,,,0.04230000195093453,5.137135729476091,1,True,14,4.137135729476091
382,Astar,BR-06,20,17,20,16,0.0,0.0,2.6228999995510094,inf,0,False,9,0.0
383,Astar,BR-06,20,17,20,16,,,0.02050000330200419,1.1104319447771196,1,True,7,0.1104319447771196
384,Astar,BR-06,20,16,20,19,0.0,0.0,2.0733999990625307,inf,0,False,14,0.0
385,Astar,BR-06,20,16,20,19,,,0.032800002372823656,3.000000092696044,3,True,5,9.182733351487116e-08
386,Astar,BR-06,20,17,20,19,,,2.9328999953577295,133.2421691992615,2,True,10,108.36803845187559
387,Astar,BR-06,20,18,20,19,,,0.01700000575510785,1.000665836206985,1,True,8,0.0006658362069849044
388,Astar,BR-06,20,19,19,19,,,0.05080000119050965,12.743635066615624,1,True,12,11.743635066615624
389,Astar,BR-06,19,19,18,19,,,0.05029999738326296,1.0000062612400262,1,True,8,6.261240026228521e-06
390,Astar,BR-06,18,19,17,19,0.0,0.0,2.8594999967026524,inf,0,False,6,0.0
391,Astar,BR-06,18,19,17,19,,,0.03399999695830047,1.0000000000000393,1,True,10,3.930189507173054e-14
392,Astar,BR-06,17,19,16,19,,,0.02059999678749591,1.0076815150338823,1,True,11,0.007681515033882258
393,Astar,BR-06,16,19,16,18,,,0.025300003471784294,1.0453999297726255,1,True,8,0.045399929772625525
394,Astar,BR-06,16,18,16,17,,,0.024499997380189598,1.5231954021547667,1,True,10,0.5231954021547667
395,Astar,BR-06,16,17,17,17,,,0.021599997126031667,1.0012968717292516,1,True,9,0.0012968717292516363
396,Astar,BR-06,17,17,17,18,,,2.020199994149152,330.5297475309005,1,True,11,329.5297475309005
397,Astar,BR-06,17,18,18,18,,,0.0320999970426783,19.59147076863916,1,True,7,18.59147076863916
398,Astar,BR-06,18,18,18,20,,,1.1576000033528544,75.9699743474094,2,True,7,55.653036302424006
399,Astar,BR-06,18,19,18,20,,,0.022899999748915434,2.589327313685494,1,True,16,1.589327313685494
400,Astar,BR-06,18,20,18,21,,,0.02710000262595713,23.897992907724227,1,True,13,22.897992907724227
1,Dijk-Std,BR-06,0,0,0,1,2.0,2.0,0.020499996026046574,1.0,1,True,8,0.0
2,Dijk-Std,BR-06,0,1,0,2,3.0,3.0,0.014800003555137664,109.63664069533816,1,True,6,108.63664069533816
3,Dijk-Std,BR-06,0,2,0,3,1.0,1.0,0.008600000001024455,inf,0,False,8,0.0
4,Dijk-Std,BR-06,0,2,0,3,3.0,3.0,0.013500000932253897,1.0,1,True,7,0.0
5,Dijk-Std,BR-06,0,3,0,4,4.0,4.0,0.025200002710334957,1.0000152299797447,1,True,9,1.5229979744679767e-05
6,Dijk-Std,BR-06,0,4,0,5,2.0,3.0,0.011800002539530396,1.000000000005213,1,True,13,5.21294118982496e-12
7,Dijk-Std,BR-06,0,5,0,6,3.0,4.0,0.016800004232209176,1.0,1,True,6,0.0
8,Dijk-Std,BR-06,0,6,0,7,3.0,3.0,0.017099999240599573,1.0,1,True,8,0.0
9,Dijk-Std,BR-06,0,7,0,8,3.0,3.0,0.015400000847876072,1.000090334930023,1,True,10,9.033493002297277e-05
10,Dijk-Std,BR-06,0,8,0,9,3.0,4.0,0.021200001356191933,1.0,1,True,12,0.0
11,Dijk-Std,BR-06,0,9,0,10,2.0,3.0,0.017499995010439306,1.000000005109089,1,True,3,5.1090889297000786e-09
12,Dijk-Std,BR-06,0,10,0,11,3.0,4.0,0.03479999577393755,1.0,1,True,8,0.0
13,Dijk-Std,BR-06,0,11,0,12,2.0,3.0,0.02099999983329326,109.37569641498754,1,True,13,108.37569641498754
14,Dijk-Std,BR-06,0,12,0,13,3.0,4.0,0.02300000051036477,1.0,1,True,6,0.0
15,Dijk-Std,BR-06,0,13,0,14,3.0,4.0,0.01750000228639692,1.000015288857679,1,True,10,1.528885767898558e-05
16,Dijk-Std,BR-06,0,14,1,14,3.0,3.0,0.01679999695625156,1.0,1,True,6,0.0
17,Dijk-Std,BR-06,1,14,1,15,3.0,2.0,0.013700002455152571,330.1929878142861,1,True,9,329.1929878142861
18,Dijk-Std,BR-06,1,15,1,16,2.0,1.0,0.009700001101009548,330.1929878079056,1,True,9,329.1929878079056
19,Dijk-Std,BR-06,1,16,1,17,5.0,6.0,0.022600004740525037,1.0149479125941516,1,True,6,0.014947912594151624
20,Dijk-Std,BR-06,1,17,2,17,5.0,7.0,0.0225000039790757,1.00833902965885,1,True,10,0.008339029658849917
21,Dijk-Std,BR-06,2,17,3,17,197.0,43.0,0.4003000067314133,56.645671470495344,1,True,13,55.645671470495344
22,Dijk-Std,BR-06,3,17,3,18,4.0,6.0,0.016800004232209176,1.0005331599071055,1,True,4,0.0005331599071054516
23,Dijk-Std,BR-06,3,18,3,19,4.0,7.0,0.030999995942693204,1.0,1,True,3,0.0
24,Dijk-Std,BR-06,3,19,2,19,4.0,6.0,0.018600003386382014,1.3358489016098098,1,True,12,0.33584890160980985
25,Dijk-Std,BR-06,2,19,2,20,3.0,6.0,0.018300001102034003,1.0149479125941718,1,True,11,0.01494791259417183
26,Dijk-Std,BR-06,2,20,1,20,2.0,3.0,0.010900002962443978,1.0000000000000393,1,True,9,3.930189507173054e-14
27,Dijk-Std,BR-06,1,20,0,20,2.0,4.0,0.011100004485342652,19.852873835618787,1,True,14,18.852873835618787
28,Dijk-Std,BR-06,0,20,0,19,2.0,3.0,0.011999996786471456,170.0136016619533,1,True,17,169.0136016619533
29,Dijk-Std,BR-06,0,19,0,18,2.0,3.0,0.010299998393747956,1.0,1,True,7,0.0
30,Dijk-Std,BR-06,0,18,0,17,2.0,3.0,0.021699997887481004,19.315638918963092,1,True,5,18.315638918963092
31,Dijk-Std,BR-06,0,17,0,16,2.0,3.0,0.01049999991664663,1.0,1,True,8,0.0
32,Dijk-Std,BR-06,0,16,2,16,6.0,5.0,0.024299995857290924,2.0000274251941716,2,True,11,1.5229979744679767e-05
33,Dijk-Std,BR-06,1,16,2,16,4.0,5.0,0.021399995603132993,1.0000000063804801,1,True,10,6.380480144230205e-09
34,Dijk-Std,BR-06,2,16,2,15,3.0,6.0,0.012899996363557875,109.41342315166006,1,True,8,108.41342315166006
35,Dijk-Std,BR-06,2,15,2,14,4.0,6.0,0.023399996280204505,1.0000000021004094,1,True,4,2.100409401961656e-09
36,Dijk-Std,BR-06,2,14,2,13,3.0,6.0,0.012600001355167478,1.000072248037876,1,True,8,7.224803787608813e-05
37,Dijk-Std,BR-06,2,13,2,12,3.0,6.0,0.020600004063453525,1.0000000000001488,1,True,7,1.4876988529977098e-13
38,Dijk-Std,BR-06,2,12,2,11,406.0,56.0,0.814799997897353,29.565516016630532,1,True,10,28.565516016630532
39,Dijk-Std,BR-06,2,11,2,10,3.0,6.0,0.0132000059238635,1.0,1,True,5,0.0
40,Dijk-Std,BR-06,2,10,2,9,3.0,6.0,0.012600001355167478,1.000000000000049,1,True,5,4.907185768843192e-14
41,Dijk-Std,BR-06,2,9,2,8,3.0,6.0,0.016500001947861165,1.1379190705736255,1,True,13,0.1379190705736255
42,Dijk-Std,BR-06,2,8,2,7,3.0,5.0,0.019099999917671084,4.880865478281887,1,True,14,3.880865478281887
43,Dijk-Std,BR-06,2,7,2,6,4.0,5.0,0.015600002370774746,1.0000000588778855,1,True,6,5.8877885455999035e-08
44,Dijk-Std,BR-06,2,6,2,5,2.0,2.0,0.010399999155197293,1.0,1,True,10,0.0
45,Dijk-Std,BR-06,2,5,3,5,5.0,6.0,0.021400002879090607,1.0000000000101408,1,True,8,1.014077710692618e-11
46,Dijk-Std,BR-06,3,5,4,5,3.0,5.0,0.016099998902063817,1.000000000001714,1,True,6,1.7139623054163167e-12
47,Dijk-Std,BR-06,4,5,4,4,1.0,1.0,0.012600001355167478,inf,0,False,13,0.0
48,Dijk-Std,BR-06,4,5,4,4,3.0,5.0,0.017700003809295595,1.0,1,True,3,0.0
49,Dijk-Std,BR-06,4,4,4,3,3.0,6.0,0.023299995518755168,56.638017297785844,1,True,9,55.638017297785844
50,Dijk-Std,BR-06,4,3,4,2,2.0,4.0,0.011800002539530396,1.8159878350721483,1,True,7,0.8159878350721483
51,Dijk-Std,BR-06,4,2,4,1,3.0,6.0,0.018799997633323073,1.0000000588778855,1,True,13,5.8877885455999035e-08
52,Dijk-Std,BR-06,4,1,4,0,3.0,6.0,0.014299999747890979,1.0000000021004485,1,True,10,2.1004484818121227e-09
53,Dijk-Std,BR-06,4,0,5,0,4.0,5.0,0.01679999695625156,1.0,1,True,12,0.0
54,Dijk-Std,BR-06,5,0,6,0,3.0,4.0,0.013499993656296283,1.000000000012664,1,True,10,1.2664091997294236e-11
55,Dijk-Std,BR-06,6,0,7,0,4.0,5.0,0.023300002794712782,1.0000062612318572,1,True,13,6.261231857207505e-06
56,Dijk-Std,BR-06,7,0,8,0,1.0,1.0,0.008400005754083395,inf,0,False,12,0.0
57,Dijk-Std,BR-06,7,0,8,0,2.0,3.0,0.010100004146806896,1.5231953970456775,1,True,8,0.5231953970456775
58,Dijk-Std,BR-06,8,0,8,1,4.0,5.0,0.015099998563528061,1.0005331599071055,1,True,5,0.0005331599071054516
59,Dijk-Std,BR-06,8,1,9,1,6.0,6.0,0.0208000055863522,4.976352091042607,1,True,14,3.9763520910426067
60,Dijk-Std,BR-06,9,1,10,1,5.0,7.0,0.019099999917671084,1.000533251734439,1,True,5,0.0005332517344389665
61,Dijk-Std,BR-06,10,1,10,0,3.0,6.0,0.019899998733308166,1.5231953970456977,1,True,8,0.5231953970456977
62,Dijk-Std,BR-06,10,0,11,0,4.0,5.0,0.014999997802078724,1.0000000000101408,1,True,4,1.014077710692618e-11
63,Dijk-Std,BR-06,11,0,12,0,4.0,5.0,0.025600005756132305,1.0,1,True,6,0.0
64,Dijk-Std,BR-06,12,0,12,1,39.0,14.0,0.09999999747378752,12.74362845702136,1,True,6,11.74362845702136
65,Dijk-Std,BR-06,12,1,13,1,3.0,5.0,0.014400000509340316,1.0012968728770124,1,True,9,0.0012968728770124116
66,Dijk-Std,BR-06,13,1,14,1,1397.0,105.0,3.638700000010431,inf,0,False,7,0.0
67,Dijk-Std,BR-06,13,1,14,1,5.0,6.0,0.021299994841683656,1.0005331607706163,1,True,5,0.00053316077061627
68,Dijk-Std,BR-06,14,1,14,2,3.0,4.0,0.014700002793688327,1.0,1,True,9,0.0
69,Dijk-Std,BR-06,14,2,15,2,5.0,7.0,0.023800006601959467,1.0083390287953458,1,True,11,0.00833902879534576
70,Dijk-Std,BR-06,15,2,15,3,3.0,5.0,0.015400000847876072,1.0000000000041689,1,True,4,4.168887457467463e-12
71,Dijk-Std,BR-06,15,3,14,3,2.0,4.0,0.015700003132224083,1.0000000000000042,1,True,6,4.218847493575595e-15
72,Dijk-Std,BR-06,14,3,14,4,3.0,6.0,0.01569999585626647,1.0454900408862617,1,True,12,0.04549004088626174
73,Dijk-Std,BR-06,14,4,15,4,4.0,8.0,0.019099999917671084,1.01494534391813,1,True,8,0.01494534391812996
74,Dijk-Std,BR-06,15,4,15,5,5.0,9.0,0.02479999966453761,1.268617473442305,1,True,6,0.268617473442305
75,Dijk-Std,BR-06,15,5,14,5,477.0,63.0,1.2101999964215793,56.74843022772902,1,True,10,55.74843022772902
76,Dijk-Std,BR-06,14,5,14,6,4.0,7.0,0.019700004486367106,31.154918179130448,1,True,11,30.154918179130448
77,Dijk-Std,BR-06,14,6,15,6,3.0,6.0,0.018900005670730025,1.1104319498862085,1,True,9,0.11043194988620852
78,Dijk-Std,BR-06,15,6,16,6,3.0,6.0,0.0168999977177009,12.758589025525886,1,True,13,11.758589025525886
79,Dijk-Std,BR-06,16,6,16,7,5.0,9.0,0.02010000025620684,1.019211936304759,1,True,11,0.019211936304758925
80,Dijk-Std,BR-06,16,7,17,7,4.0,8.0,0.016699996194802225,1.045399929762847,1,True,9,0.0453999297628469
81,Dijk-Std,BR-06,17,7,18,7,3.0,6.0,0.014700002793688327,1.0076731926483602,1,True,10,0.007673192648360194
82,Dijk-Std,BR-06,18,7,18,6,2.0,3.0,0.009999996109399945,12.743700704195732,1,True,10,11.743700704195732
83,Dijk-Std,BR-06,18,6,17,6,1310.0,148.0,2.5664999993750826,inf,0,False,15,0.0
84,Dijk-Std,BR-06,18,6,17,6,4.0,6.0,0.017899998056236655,1.0000000063804801,1,True,9,6.380480144230205e-09
85,Dijk-Std,BR-06,17,6,17,5,3.0,6.0,0.020300001779105514,1.0,1,True,5,0.0
86,Dijk-Std,BR-06,17,5,17,4,2.0,4.0,0.014299999747890979,1.0000000008635042,1,True,7,8.63504157067041e-10
87,Dijk-Std,BR-06,17,4,18,4,5.0,7.0,0.029299997549969703,1.0,1,True,7,0.0
88,Dijk-Std,BR-06,18,4,19,4,2.0,3.0,0.015899997379165143,1.0002737334235388,1,True,7,0.00027373342353875785
89,Dijk-Std,BR-06,19,4,19,3,1.0,1.0,0.007400005415547639,inf,0,False,6,0.0
90,Dijk-Std,BR-06,19,4,19,3,5.0,7.0,0.024199995095841587,353.0664527191445,1,True,8,352.0664527191445
91,Dijk-Std,BR-06,19,3,19,2,2.0,3.0,0.017899998056236655,1.0012968717292487,1,True,7,0.0012968717292487497
92,Dijk-Std,BR-06,19,2,18,2,2.0,4.0,0.019899998733308166,1.00000000000812,1,True,5,8.11994915750347e-12
93,Dijk-Std,BR-06,18,2,18,1,3.0,5.0,0.01720000000204891,1.0,1,True,5,0.0
94,Dijk-Std,BR-06,18,1,18,0,2.0,4.0,0.013799995940644294,1.000000005109089,1,True,9,5.1090889297000786e-09
95,Dijk-Std,BR-06,18,0,19,0,2.0,1.0,0.010000003385357559,330.1929878079056,1,True,4,329.1929878079056
96,Dijk-Std,BR-06,19,0,20,0,2.0,3.0,0.014199998986441642,109.90618297740964,1,True,10,108.90618297740964
97,Dijk-Std,BR-06,20,0,21,0,2.0,3.0,0.011800002539530396,1.0000000000003617,1,True,12,3.61710661422876e-13
98,Dijk-Std,BR-06,21,0,21,1,4.0,5.0,0.033700001949910074,1.0000000017396724,1,True,9,1.7396724061313762e-09
99,Dijk-Std,BR-06,21,1,22,1,3.0,4.0,0.014500001270789653,1.0000000063804801,1,True,6,6.380480144230205e-09
100,Dijk-Std,BR-06,22,1,23,1,3.0,5.0,0.017899998056236655,1.0000000000000202,1,True,6,2.020605904817785e-14
101,Dijk-Std,BR-06,23,1,23,0,3.0,6.0,0.01889999839477241,1.0,1,True,8,0.0
102,Dijk-Std,BR-06,23,0,24,0,2.0,3.0,0.01170000177808106,1.0095826579605365,1,True,8,0.009582657960536478
103,Dijk-Std,BR-06,24,0,24,1,1.0,1.0,0.013999997463542968,inf,0,False,8,0.0
104,Dijk-Std,BR-06,24,0,24,1,1.0,1.0,0.011099997209385037,inf,0,False,6,0.0
105,Dijk-Std,BR-06,24,0,24,1,3.0,3.0,0.012700002116616815,1.014945338534922,1,True,11,0.014945338534922081
106,Dijk-Std,BR-06,24,1,24,2,2.0,3.0,0.013199998647905886,1.0000000000000393,1,True,13,3.930189507173054e-14
107,Dijk-Std,BR-06,24,2,23,2,3.0,4.0,0.014000004739500582,1.00000000000812,1,True,9,8.11994915750347e-12
108,Dijk-Std,BR-06,23,2,23,3,5.0,6.0,0.020199993741698563,1.0000000080623563,1,True,12,8.06235633810104e-09
109,Dijk-Std,BR-06,23,3,23,4,4.0,7.0,0.01799999881768599,1.604080101344817,1,True,5,0.6040801013448169
110,Dijk-Std,BR-06,23,4,24,4,5.0,7.0,0.025000001187436283,1.0,1,True,8,0.0
111,Dijk-Std,BR-06,24,4,24,3,3.0,4.0,0.013800003216601908,29.56802683759165,1,True,14,28.56802683759165
112,Dijk-Std,BR-06,24,3,24,5,10.0,6.0,0.038300000596791506,272.6705664732254,2,True,7,135.3352832366127
113,Dijk-Std,BR-06,24,4,24,5,3.0,4.0,0.012600001355167478,1.0095826579605365,1,True,4,0.009582657960536478
114,Dijk-Std,BR-06,24,5,23,5,3.0,4.0,0.012999997125007212,1.0076731926483602,1,True,11,0.007673192648360194
115,Dijk-Std,BR-06,23,5,22,5,2.0,3.0,0.010600000678095967,1.0,1,True,9,0.0
116,Dijk-Std,BR-06,22,5,21,5,6.0,8.0,0.022899999748915434,2.58932728345657,1,True,11,1.5893272834565702
117,Dijk-Std,BR-06,21,5,20,5,5.0,9.0,0.02469999890308827,1.0000001788555852,1,True,9,1.788555852311191e-07
118,Dijk-Std,BR-06,20,5,20,4,3.0,6.0,0.013899996702093631,1.0,1,True,12,0.0
119,Dijk-Std,BR-06,20,4,21,4,3.0,6.0,0.01750000228639692,1.0000000302289143,1,True,10,3.022891426063268e-08
120,Dijk-Std,BR-06,21,4,21,3,2.0,4.0,0.014299999747890979,1.293145469927623,1,True,15,0.293145469927623
121,Dijk-Std,BR-06,21,3,22,3,3.0,5.0,0.021899999410379678,109.3680232218959,1,True,8,108.3680232218959
122,Dijk-Std,BR-06,22,3,22,2,1328.0,90.0,3.28839999565389,inf,0,False,12,0.0
123,Dijk-Std,BR-06,22,3,22,2,1.0,1.0,0.007199996616691351,inf,0,False,8,0.0
124,Dijk-Std,BR-06,22,3,22,2,3.0,5.0,0.014800003555137664,170.0133154069313,1,True,10,169.0133154069313
125,Dijk-Std,BR-06,22,2,22,0,6.0,9.0,0.041399995097890496,24.182758024261076,2,True,8,18.316172048641285
126,Dijk-Std,BR-06,22,1,22,0,2.0,4.0,0.011799995263572782,1.001296884156727,1,True,8,0.0012968841567269074
127,Dijk-Std,BR-06,22,0,20,1,10.0,6.0,0.03239999932702631,3.0,3,True,11,2.220446049250313e-16
128,Dijk-Std,BR-06,21,0,20,1,1331.0,122.0,3.1919999964884482,439.56101103704543,2,True,7,329.1929878142861
129,Dijk-Std,BR-06,20,0,20,1,4.0,5.0,0.027499998395796865,1.0154786772871105,1,True,12,0.015478677287110498
130,Dijk-Std,BR-06,20,1,19,1,10.0,9.0,0.04270000499673188,4.8659201394728075,1,True,6,3.8659201394728075
131,Dijk-Std,BR-06,19,1,20,2,9.0,9.0,0.028100002964492887,2.0,2,True,5,0.0
132,Dijk-Std,BR-06,19,2,20,2,4.0,7.0,0.017799997294787318,1.335462627902512,1,True,9,0.3354626279025119
133,Dijk-Std,BR-06,20,2,20,3,4.0,6.0,0.014500001270789653,1.0,1,True,7,0.0
134,Dijk-Std,BR-06,20,3,22,4,21.0,14.0,0.05450000026030466,3.0,3,True,5,0.0
135,Dijk-Std,BR-06,20,4,22,4,3.0,6.0,0.015600002370774746,31.143066020045033,2,True,7,22.181559028206983
136,Dijk-Std,BR-06,21,4,22,4,3.0,5.0,0.013600001693703234,1.1379280397596445,1,True,9,0.13792803975964452
137,Dijk-Std,BR-06,22,4,22,6,13.0,10.0,0.03619999915827066,2.000279998437634,2,True,10,0.00027373510536743417
138,Dijk-Std,BR-06,22,5,22,6,3.0,6.0,0.016099998902063817,109.36802322189585,1,True,6,108.36802322189585
139,Dijk-Std,BR-06,22,6,22,7,4.0,6.0,0.01630000042496249,1.0012973067812472,1,True,12,0.0012973067812471761
140,Dijk-Std,BR-06,22,7,22,8,4.0,6.0,0.025699999241624027,1.0,1,True,8,0.0
141,Dijk-Std,BR-06,22,8,21,8,2.0,4.0,0.012100004823878407,2.589327283457239,1,True,13,1.589327283457239
142,Dijk-Std,BR-06,21,8,20,8,5.0,8.0,0.022300002456177026,1.0000000063804804,1,True,11,6.38048036627481e-09
143,Dijk-Std,BR-06,20,8,20,7,5.0,7.0,0.02699999458855018,25.600705004032,1,True,10,24.600705004032
144,Dijk-Std,BR-06,20,7,21,7,3.0,5.0,0.016600002709310502,1.1290964138906436,1,True,7,0.12909641389064364
145,Dijk-Std,BR-06,21,7,21,6,3.0,5.0,0.021899999410379678,1.0,1,True,9,0.0
146,Dijk-Std,BR-06,21,6,20,6,2.0,4.0,0.010700001439545304,1.3354628067580985,1,True,10,0.3354628067580985
147,Dijk-Std,BR-06,20,6,19,6,3.0,6.0,0.01569999585626647,64.93843388359659,1,True,8,63.93843388359659
148,Dijk-Std,BR-06,19,6,19,5,3.0,5.0,0.016199999663513154,1.0186796990932654,1,True,8,0.01867969909326539
149,Dijk-Std,BR-06,19,5,18,5,2.0,4.0,0.010099996870849282,1.0025259612139392,1,True,6,0.0025259612139392207
150,Dijk-Std,BR-06,18,5,16,5,6.0,7.0,0.028099995688535273,2.0,2,True,15,0.0
151,Dijk-Std,BR-06,17,5,16,5,2.0,4.0,0.012600001355167478,23.876006104533005,1,True,10,22.876006104533005
152,Dijk-Std,BR-06,16,5,16,4,3.0,6.0,0.015700003132224083,4.233499661701802,1,True,16,3.233499661701802
153,Dijk-Std,BR-06,16,4,16,3,3.0,6.0,0.01569999585626647,1.8159878350721481,1,True,5,0.8159878350721481
154,Dijk-Std,BR-06,16,3,16,2,4.0,7.0,0.027000001864507794,1.0000121952185963,1,True,8,1.219521859630035e-05
155,Dijk-Std,BR-06,16,2,16,1,4.0,8.0,0.015500001609325409,1.0149453385247815,1,True,7,0.014945338524781526
156,Dijk-Std,BR-06,16,1,16,0,2.0,3.0,0.012899996363557875,1.000000000001714,1,True,9,1.7139623054163167e-12
157,Dijk-Std,BR-06,16,0,17,0,4.0,3.0,0.01649999467190355,1.0,1,True,8,0.0
158,Dijk-Std,BR-06,17,0,17,1,4.0,5.0,0.022499996703118086,1.0000000000001488,1,True,9,1.4876988529977098e-13
159,Dijk-Std,BR-06,17,1,17,2,2.0,4.0,0.012100004823878407,23.873464912102413,1,True,6,22.873464912102413
160,Dijk-Std,BR-06,17,2,17,3,6.0,8.0,0.02300000051036477,2.6042726283617927,1,True,12,1.6042726283617927
161,Dijk-Std,BR-06,17,3,13,3,42.0,18.0,0.10340000153519213,44.45552079548097,6,True,12,28.565500784550384
162,Dijk-Std,BR-06,17,2,13,2,25.0,12.0,0.05589999636868015,4.000000000004321,4,True,8,4.168887457467463e-12
163,Dijk-Std,BR-06,16,2,13,2,1.0,1.0,0.00670000008540228,inf,0,False,11,0.0
164,Dijk-Std,BR-06,16,2,13,2,13.0,11.0,0.04430000262800604,3.0,3,True,8,0.0
165,Dijk-Std,BR-06,15,2,13,2,11.0,10.0,0.03739999374374747,2.0000000000081686,2,True,6,8.11994915750347e-12
166,Dijk-Std,BR-06,14,2,13,2,2.0,4.0,0.017400001524947584,1.0000062612318585,1,True,9,6.261231858539773e-06
167,Dijk-Std,BR-06,13,2,13,3,5.0,8.0,0.03999999898951501,1.0000002233631522,1,True,11,2.2336315219639857e-07
168,Dijk-Std,BR-06,13,3,12,3,5.0,9.0,0.025600005756132305,1.0076736279898244,1,True,10,0.007673627989824405
169,Dijk-Std,BR-06,12,3,11,3,5.0,9.0,0.019899998733308166,1.1104319447771196,1,True,12,0.1104319447771196
170,Dijk-Std,BR-06,11,3,11,4,6.0,11.0,0.025499997718725353,2.59185324467047,1,True,8,1.59185324467047
171,Dijk-Std,BR-06,11,4,12,4,5.0,8.0,0.021899999410379678,1.1379128093365654,1,True,15,0.13791280933656536
172,Dijk-Std,BR-06,12,4,13,4,1376.0,94.0,2.6954999993904494,inf,0,False,8,0.0
173,Dijk-Std,BR-06,12,4,13,4,139.0,27.0,0.4141000026720576,23.873484023019362,1,True,10,22.873484023019362
174,Dijk-Std,BR-06,13,4,13,5,3.0,6.0,0.014099998224992305,1.1379132443885602,1,True,7,0.13791324438856023
175,Dijk-Std,BR-06,13,5,12,5,2.0,4.0,0.010799994925037026,1.0,1,True,7,0.0
176,Dijk-Std,BR-06,12,5,11,5,2.0,3.0,0.01599999814061448,19.316446217116773,1,True,8,18.316446217116773
177,Dijk-Std,BR-06,11,5,11,6,2.0,4.0,0.010600000678095967,4.976352084249927,1,True,5,3.9763520842499274
178,Dijk-Std,BR-06,11,6,11,7,1.0,1.0,0.009900002623908222,inf,0,False,11,0.0
179,Dijk-Std,BR-06,11,6,11,7,3.0,5.0,0.016099998902063817,1.000000223363145,1,True,7,2.2336314509097122e-07
180,Dijk-Std,BR-06,11,7,12,7,906.0,93.0,2.6074999987031333,79.51146318908172,1,True,5,78.51146318908172
181,Dijk-Std,BR-06,12,7,13,7,3.0,5.0,0.019400002202019095,1.0000000926908377,1,True,10,9.26908376719382e-08
182,Dijk-Std,BR-06,13,7,14,7,3.0,6.0,0.01670000347075984,56.645671470491216,1,True,12,55.645671470491216
183,Dijk-Std,BR-06,14,7,15,7,3.0,6.0,0.015600002370774746,1.0000062914608205,1,True,11,6.291460820539996e-06
184,Dijk-Std,BR-06,15,7,15,8,5.0,9.0,0.030000002880115062,1.0000000000003662,1,True,6,3.6615155352137663e-13
185,Dijk-Std,BR-06,15,8,16,8,5.0,8.0,0.01769999653333798,1.5231953970456775,1,True,3,0.5231953970456775
186,Dijk-Std,BR-06,16,8,16,9,3.0,6.0,0.014599994756281376,1.0000901175040215,1,True,9,9.011750402154739e-05
187,Dijk-Std,BR-06,16,9,17,9,3.0,6.0,0.015600002370774746,1.000273733423529,1,True,6,0.0002737334235289879
188,Dijk-Std,BR-06,17,9,18,9,3.0,6.0,0.014099998224992305,23.873464970116792,1,True,9,22.873464970116792
189,Dijk-Std,BR-06,18,9,18,8,2.0,4.0,0.021399995603132993,1.0000000000000393,1,True,13,3.930189507173054e-14
190,Dijk-Std,BR-06,18,8,19,8,1106.0,106.0,2.555800005211495,170.01331540606608,1,True,9,169.01331540606608
191,Dijk-Std,BR-06,19,8,19,9,2.0,3.0,0.012700002116616815,1.000552181531961,1,True,15,0.0005521815319609047
192,Dijk-Std,BR-06,19,9,20,9,914.0,92.0,2.062899999145884,109.3680232218959,1,True,10,108.3680232218959
193,Dijk-Std,BR-06,20,9,20,10,5.0,7.0,0.020200001017656177,1.002526053041273,1,True,8,0.0025260530412729576
194,Dijk-Std,BR-06,20,10,19,10,2.0,3.0,0.02149999636458233,56.638000864339716,1,True,10,55.638000864339716
195,Dijk-Std,BR-06,19,10,18,10,4.0,6.0,0.015899997379165143,1.5231953970456775,1,True,5,0.5231953970456775
196,Dijk-Std,BR-06,18,10,18,11,2.0,4.0,0.014000004739500582,23.98390937847974,1,True,10,22.98390937847974
197,Dijk-Std,BR-06,18,11,19,11,3.0,6.0,0.01580000389367342,23.873555022366617,1,True,6,22.873555022366617
198,Dijk-Std,BR-06,19,11,20,11,3.0,6.0,0.01309999788645655,1.110434005930742,1,True,8,0.11043400593074204
199,Dijk-Std,BR-06,20,11,21,11,3.0,3.0,0.013199998647905886,330.7161832050262,1,True,9,329.7161832050262
200,Dijk-Std,BR-06,21,11,21,12,3.0,5.0,0.014999997802078724,1.0000000016818762,1,True,9,1.6818761938708349e-09
201,Dijk-Std,BR-06,21,12,21,13,4.0,7.0,0.0168999977177009,1.0000122003235556,1,True,13,1.2200323555644488e-05
202,Dijk-Std,BR-06,21,13,21,14,2.0,4.0,0.014400000509340316,4.8659201394728075,1,True,5,3.8659201394728075
203,Dijk-Std,BR-06,21,14,21,15,5.0,9.0,0.01960000372491777,4.12547788712525,1,True,12,3.1254778871252498
204,Dijk-Std,BR-06,21,15,20,15,4.0,7.0,0.01769999653333798,1.110504100124207,1,True,7,0.11050410012420708
205,Dijk-Std,BR-06,20,15,20,14,2.0,4.0,0.011799995263572782,1.0000025740693703,1,True,7,2.574069370320231e-06
206,Dijk-Std,BR-06,20,14,20,13,5.0,8.0,0.01960000372491777,1.0000190199481855,1,True,8,1.9019948185539093e-05
207,Dijk-Std,BR-06,20,13,20,12,3.0,6.0,0.015899997379165143,1.0000001788552235,1,True,4,1.7885522352045768e-07
208,Dijk-Std,BR-06,20,12,19,12,1.0,1.0,0.008000002708286047,inf,0,False,9,0.0
209,Dijk-Std,BR-06,20,12,19,12,5.0,9.0,0.019700004486367106,1.000533160770669,1,True,11,0.0005331607706688946
210,Dijk-Std,BR-06,19,12,18,12,4.0,7.0,0.018999999156221747,1.0453999297624847,1,True,7,0.04539992976248475
211,Dijk-Std,BR-06,18,12,17,12,1.0,1.0,0.007599999662488699,inf,0,False,8,0.0
212,Dijk-Std,BR-06,18,12,17,12,4.0,7.0,0.0168999977177009,1.0453999297624847,1,True,11,0.04539992976248475
213,Dijk-Std,BR-06,17,12,17,11,3.0,6.0,0.021599997126031667,1.0000000918273826,1,True,9,9.182738258672885e-08
214,Dijk-Std,BR-06,17,11,17,10,3.0,6.0,0.019899998733308166,4.9763520893590165,1,True,6,3.9763520893590165
215,Dijk-Std,BR-06,17,10,16,10,851.0,96.0,1.9979999997303821,109.368023445259,1,True,12,108.368023445259
216,Dijk-Std,BR-06,16,10,16,11,5.0,9.0,0.019400002202019095,1.0076798023175546,1,True,15,0.007679802317554607
217,Dijk-Std,BR-06,16,11,16,12,4.0,8.0,0.030800001695752144,1.0000000000041689,1,True,7,4.168887457467463e-12
218,Dijk-Std,BR-06,16,12,16,13,9.0,12.0,0.02939999831141904,2.589327506819674,1,True,12,1.5893275068196742
219,Dijk-Std,BR-06,16,13,16,14,2.0,3.0,0.013700002455152571,59.73359139144423,1,True,12,58.73359139144423
220,Dijk-Std,BR-06,16,14,15,14,2.0,4.0,0.011300006008241326,4.8665859880474205,1,True,10,3.8665859880474205
221,Dijk-Std,BR-06,15,14,14,14,2.0,3.0,0.012700002116616815,1.2689036254433659,1,True,11,0.2689036254433659
222,Dijk-Std,BR-06,14,14,14,13,3.0,6.0,0.03609999839682132,1.0095826579605365,1,True,8,0.009582657960536478
223,Dijk-Std,BR-06,14,13,13,13,2.0,3.0,0.012600001355167478,2.589346303399549,1,True,6,1.589346303399549
224,Dijk-Std,BR-06,13,13,13,12,1.0,1.0,0.008700000762473792,inf,0,False,15,0.0
225,Dijk-Std,BR-06,13,13,13,12,2.0,4.0,0.011800002539530396,1.1110977809241054,1,True,8,0.11109778092410538
226,Dijk-Std,BR-06,13,12,13,11,560.0,57.0,1.4551999993273057,31.154918179130448,1,True,10,30.154918179130448
227,Dijk-Std,BR-06,13,11,14,11,3.0,6.0,0.01569999585626647,1.0000901132239508,1,True,4,9.011322395080512e-05
228,Dijk-Std,BR-06,14,11,14,10,3.0,6.0,0.023600005079060793,1.0000062612318574,1,True,9,6.26123185742955e-06
229,Dijk-Std,BR-06,14,10,14,9,4.0,7.0,0.01930000144056976,1.0187366248048177,1,True,6,0.018736624804817748
230,Dijk-Std,BR-06,14,9,14,8,76.0,32.0,0.22149999858811498,12.74362845702136,1,True,8,11.74362845702136
231,Dijk-Std,BR-06,14,8,13,8,15.0,12.0,0.07119999645510688,4.865923148878435,1,True,17,3.8659231488784354
232,Dijk-Std,BR-06,13,8,12,8,2.0,4.0,0.02130000211764127,1.000000007244133,1,True,10,7.244133071182546e-09
233,Dijk-Std,BR-06,12,8,11,8,2.0,4.0,0.011500000255182385,1.0454001531256285,1,True,5,0.045400153125628506
234,Dijk-Std,BR-06,11,8,10,8,2.0,4.0,0.01170000177808106,1.000000223647403,1,True,8,2.2364740304148256e-07
235,Dijk-Std,BR-06,10,8,10,7,212.0,48.0,0.41369999962626025,19.315638888734178,1,True,2,18.315638888734178
236,Dijk-Std,BR-06,10,7,9,7,2.0,4.0,0.01219999830937013,56.63799827784281,1,True,8,55.63799827784281
237,Dijk-Std,BR-06,9,7,9,6,3.0,4.0,0.01630000042496249,1.0000000000007045,1,True,9,7.045475314271243e-13
238,Dijk-Std,BR-06,9,6,9,5,2.0,4.0,0.016500001947861165,56.63807669442171,1,True,10,55.63807669442171
239,Dijk-Std,BR-06,9,5,9,4,1263.0,85.0,2.4360999959753826,170.01331540607623,1,True,6,169.01331540607623
240,Dijk-Std,BR-06,9,4,9,3,781.0,70.0,1.5153999993344769,56.63799827784281,1,True,7,55.63799827784281
241,Dijk-Std,BR-06,9,3,10,3,1359.0,121.0,3.651699997135438,inf,0,False,9,0.0
242,Dijk-Std,BR-06,9,3,10,3,4.0,7.0,0.017899998056236655,1.0000000000000002,1,True,7,2.220446049250313e-16
243,Dijk-Std,BR-06,10,3,10,2,3.0,6.0,0.020200001017656177,1.0000000000000004,1,True,6,4.440892098500626e-16
244,Dijk-Std,BR-06,10,2,11,2,143.0,21.0,0.3808000037679449,29.580446346438304,1,True,16,28.580446346438304
245,Dijk-Std,BR-06,11,2,11,1,3.0,6.0,0.01649999467190355,1.0,1,True,10,0.0
246,Dijk-Std,BR-06,11,1,12,2,11.0,9.0,0.032199997804127634,2.0000020913825365,2,True,5,2.061153622445744e-06
247,Dijk-Std,BR-06,12,1,12,2,3.0,6.0,0.02239999594166875,1.0000001836588361,1,True,10,1.8365883613924439e-07
248,Dijk-Std,BR-06,12,2,13,0,16.0,12.0,0.04760000592796132,3.016277516707908,3,True,5,0.014945397686926265
249,Dijk-Std,BR-06,13,2,13,0,9.0,10.0,0.02849999873433262,2.0,2,True,5,0.0
250,Dijk-Std,BR-06,13,1,13,0,1.0,1.0,0.007299997378140688,inf,0,False,13,0.0
251,Dijk-Std,BR-06,13,1,13,0,3.0,6.0,0.0168999977177009,1.0,1,True,9,0.0
252,Dijk-Std,BR-06,13,0,15,0,34.0,18.0,0.07729999924777076,8.050468499482099,8,True,10,0.014945576257893833
253,Dijk-Std,BR-06,13,1,15,0,1356.0,141.0,3.0284000022220425,1147.7256235334783,7,True,10,329.3309196371851
254,Dijk-Std,BR-06,13,2,13,6,1214.0,126.0,2.6889000000664964,268.28069363530227,4,True,12,191.88930637120976
255,Dijk-Std,BR-06,13,3,13,6,30.0,14.0,0.07190000178525224,8.348496540393727,3,True,12,4.153202517080631
256,Dijk-Std,BR-06,13,4,13,6,11.0,11.0,0.033200005418621004,2.9922821260202808,2,True,13,0.8626848602112851
257,Dijk-Std,BR-06,13,5,13,6,4.0,7.0,0.014899997040629387,1.000000059741391,1,True,10,5.97413909453337e-08
258,Dijk-Std,BR-06,13,6,10,6,1278.0,91.0,2.4674000014783815,213.24757188710566,9,True,6,108.36802322189585
259,Dijk-Std,BR-06,13,7,13,9,4.0,7.0,0.01580000389367342,28.423507937359442,2,True,9,23.01390368178941
260,Dijk-Std,BR-06,13,8,13,9,3.0,4.0,0.01809999957913533,330.19298781301467,1,True,9,329.19298781301467
261,Dijk-Std,BR-06,13,9,12,9,4.0,7.0,0.017700003809295595,1.268617473442305,1,True,5,0.268617473442305
262,Dijk-Std,BR-06,12,9,11,9,1.0,1.0,0.010099996870849282,inf,0,False,8,0.0
263,Dijk-Std,BR-06,12,9,11,9,2.0,4.0,0.015199999324977398,1.014945339388289,1,True,10,0.014945339388289014
264,Dijk-Std,BR-06,11,9,10,9,2.0,3.0,0.010799994925037026,1.0000063201099305,1,True,11,6.32010993051324e-06
265,Dijk-Std,BR-06,10,9,10,10,5.0,6.0,0.025699999241624027,1.0005331599112748,1,True,11,0.0005331599112747831
266,Dijk-Std,BR-06,10,10,10,11,4.0,6.0,0.01939999492606148,1.0000003486568074,1,True,5,3.486568074251295e-07
267,Dijk-Std,BR-06,10,11,9,11,1.0,1.0,0.01189999602502212,inf,0,False,6,0.0
268,Dijk-Std,BR-06,10,11,9,11,2.0,4.0,0.014299999747890979,23.873465134602053,1,True,7,22.873465134602053
269,Dijk-Std,BR-06,9,11,8,11,3.0,6.0,0.02529999619582668,27.74014099798228,1,True,12,26.74014099798228
270,Dijk-Std,BR-06,8,11,7,11,2.0,4.0,0.010299998393747956,4.875522252428322,1,True,11,3.875522252428322
271,Dijk-Std,BR-06,7,11,7,10,5.0,7.0,0.025099994672928005,136.33528323661272,1,True,8,135.33528323661272
272,Dijk-Std,BR-06,7,10,8,10,4.0,6.0,0.016999998479150236,1.0000002233634244,1,True,12,2.233634244230842e-07
273,Dijk-Std,BR-06,8,10,8,9,2.0,4.0,0.01309999788645655,4.095586852649503,1,True,10,3.095586852649503
274,Dijk-Std,BR-06,8,9,9,9,2.0,2.0,0.009899995347950608,1.0000000000000457,1,True,5,4.574118861455645e-14
275,Dijk-Std,BR-06,9,9,9,10,3.0,3.0,0.012799995602108538,1.0002737334234897,1,True,5,0.000273733423489686
276,Dijk-Std,BR-06,9,10,9,12,38.0,23.0,0.11300000187475234,6.2013832403716265,2,True,8,3.8659202051416584
277,Dijk-Std,BR-06,9,11,9,12,3.0,6.0,0.01359999441774562,1.0149453393882855,1,True,7,0.014945339388285461
278,Dijk-Std,BR-06,9,12,9,13,3.0,6.0,0.01479999627918005,4.095587031220464,1,True,6,3.0955870312204636
279,Dijk-Std,BR-06,9,13,10,13,4.0,6.0,0.015300000086426735,1.0000000000101408,1,True,5,1.014077710692618e-11
280,Dijk-Std,BR-06,10,13,11,13,4.0,7.0,0.017400001524947584,1.3354646899196383,1,True,8,0.3354646899196383
281,Dijk-Std,BR-06,11,13,11,14,2.0,4.0,0.010700001439545304,1.0000000354230774,1,True,11,3.542307736026373e-08
282,Dijk-Std,BR-06,11,14,12,14,3.0,6.0,0.014599994756281376,1.2686174734423052,1,True,8,0.26861747344230524
283,Dijk-Std,BR-06,12,14,12,13,5.0,8.0,0.01990000600926578,1.0149453436338705,1,True,9,0.014945343633870456
284,Dijk-Std,BR-06,12,13,12,12,3.0,6.0,0.022600004740525037,1.0,1,True,4,0.0
285,Dijk-Std,BR-06,12,12,12,11,5.0,9.0,0.033700001949910074,1.0000000588778855,1,True,10,5.8877885455999035e-08
286,Dijk-Std,BR-06,12,11,12,10,3.0,5.0,0.01630000042496249,1.0000002233631435,1,True,4,2.2336314353665898e-07
287,Dijk-Std,BR-06,12,10,13,10,7.0,10.0,0.028800001018680632,2.589867488873403,1,True,15,1.589867488873403
288,Dijk-Std,BR-06,13,10,15,10,8.0,10.0,0.028100002964492887,2.00147899071116,2,True,16,0.0009395695721907682
289,Dijk-Std,BR-06,14,10,15,10,3.0,6.0,0.013100005162414163,1.0025259633143486,1,True,4,0.0025259633143486226
290,Dijk-Std,BR-06,15,10,15,9,3.0,6.0,0.017100006516557187,1.0001151394730527,1,True,9,0.00011513947305274996
291,Dijk-Std,BR-06,15,9,15,11,1413.0,99.0,2.912899995862972,inf,0,False,5,0.0
292,Dijk-Std,BR-06,15,9,15,11,8.0,11.0,0.031799994758330286,2.0006462156286506,2,True,12,0.0005335010260201223
293,Dijk-Std,BR-06,15,10,15,11,4.0,7.0,0.018200000340584666,1.1379128093965611,1,True,8,0.13791280939656114
294,Dijk-Std,BR-06,15,11,15,12,2.0,4.0,0.0092999980552122,1.1104509647200986,1,True,4,0.11045096472009863
295,Dijk-Std,BR-06,15,12,14,12,954.0,123.0,1.925200005644001,333.28910988133737,1,True,15,332.28910988133737
296,Dijk-Std,BR-06,14,12,13,14,63.0,28.0,0.14899999951012433,22.47630386777428,3,True,6,11.744435785403954
297,Dijk-Std,BR-06,14,13,13,14,5.0,7.0,0.026599998818710446,3.8579448490153228,2,True,13,1.5893273752880335
298,Dijk-Std,BR-06,14,14,13,14,2.0,4.0,0.01460000203223899,1.0000000000041689,1,True,3,4.168887457467463e-12
299,Dijk-Std,BR-06,13,14,13,15,4.0,7.0,0.02099999983329326,1.0000001921462547,1,True,7,1.9214625468499946e-07
300,Dijk-Std,BR-06,13,15,14,15,3.0,6.0,0.01930000144056976,1.1104320036651456,1,True,5,0.1104320036651456
301,Dijk-Std,BR-06,14,15,14,16,1.0,1.0,0.007100003131199628,inf,0,False,14,0.0
302,Dijk-Std,BR-06,14,15,14,16,2.0,4.0,0.011299998732283711,19.315638888802297,1,True,7,18.315638888802297
303,Dijk-Std,BR-06,14,16,15,16,478.0,69.0,1.2424999949871562,56.6380045441939,1,True,11,55.6380045441939
304,Dijk-Std,BR-06,15,16,15,15,163.0,54.0,0.34729999606497586,20.912711520186157,1,True,16,19.912711520186157
305,Dijk-Std,BR-06,15,15,16,15,5.0,8.0,0.01889999839477241,136.3352832366127,1,True,7,135.3352832366127
306,Dijk-Std,BR-06,16,15,17,15,3.0,6.0,0.018600003386382014,1.0012968717292487,1,True,9,0.0012968717292487497
307,Dijk-Std,BR-06,17,15,17,14,4.0,7.0,0.01960000372491777,43.77843108343774,1,True,10,42.77843108343774
308,Dijk-Std,BR-06,17,14,18,14,14.0,13.0,0.040899998566601425,4.096120012272348,1,True,9,3.0961200122723476
309,Dijk-Std,BR-06,18,14,18,13,4.0,7.0,0.01720000000204891,1.0000004414327592,1,True,7,4.4143275923502756e-07
310,Dijk-Std,BR-06,18,13,19,13,1383.0,121.0,2.8242999978829175,inf,0,False,8,0.0
311,Dijk-Std,BR-06,18,13,19,13,1.0,1.0,0.008700000762473792,inf,0,False,10,0.0
312,Dijk-Std,BR-06,18,13,19,13,1200.0,103.0,2.5961999999708496,109.36802948341197,1,True,7,108.36802948341197
313,Dijk-Std,BR-06,19,13,19,14,2.0,4.0,0.015199999324977398,1.0000003151904773,1,True,9,3.1519047727357474e-07
314,Dijk-Std,BR-06,19,14,19,15,5.0,8.0,0.020200001017656177,1.0000046352360186,1,True,7,4.635236018568634e-06
315,Dijk-Std,BR-06,19,15,18,15,1.0,1.0,0.006499998562503606,inf,0,False,8,0.0
316,Dijk-Std,BR-06,19,15,18,15,5.0,8.0,0.021899999410379678,1.0000000000000393,1,True,11,3.930189507173054e-14
317,Dijk-Std,BR-06,18,15,18,16,4.0,8.0,0.01769999653333798,1.0000000302496987,1,True,7,3.0249698745876685e-08
318,Dijk-Std,BR-06,18,16,19,16,1.0,1.0,0.007000002369750291,inf,0,False,7,0.0
319,Dijk-Std,BR-06,18,16,19,16,4.0,7.0,0.022000000171829015,1.0006658663759,1,True,8,0.0006658663759000483
320,Dijk-Std,BR-06,19,16,19,17,5.0,8.0,0.01889999839477241,1.009582659642413,1,True,9,0.009582659642412894
321,Dijk-Std,BR-06,19,17,19,18,3.0,5.0,0.017299993487540632,2.589327283456531,1,True,5,1.589327283456531
322,Dijk-Std,BR-06,19,18,20,18,40.0,20.0,0.0988000028883107,330.52854787232997,1,True,15,329.52854787232997
323,Dijk-Std,BR-06,20,18,21,18,3.0,6.0,0.021899999410379678,1.0000721680587763,1,True,13,7.216805877630073e-05
324,Dijk-Std,BR-06,21,18,22,18,3.0,6.0,0.020899999071843922,1.5231953979091817,1,True,7,0.5231953979091817
325,Dijk-Std,BR-06,22,18,22,17,3.0,6.0,0.025300003471784294,1.0149515998166379,1,True,7,0.01495159981663785
326,Dijk-Std,BR-06,22,17,23,17,3.0,6.0,0.014700002793688327,1.0,1,True,5,0.0
327,Dijk-Std,BR-06,23,17,23,16,2.0,4.0,0.012600001355167478,1.1379128093365618,1,True,10,0.1379128093365618
328,Dijk-Std,BR-06,23,16,23,15,3.0,6.0,0.01580000389367342,1.3354816495273671,1,True,12,0.33548164952736714
329,Dijk-Std,BR-06,23,15,23,14,5.0,7.0,0.020799998310394585,1.0000000302289211,1,True,12,3.022892114401543e-08
330,Dijk-Std,BR-06,23,14,24,14,3.0,5.0,0.018300001102034003,1.0000152299814586,1,True,4,1.5229981458642072e-05
331,Dijk-Std,BR-06,24,14,24,13,4.0,4.0,0.01630000042496249,1.0000062612318572,1,True,5,6.261231857207505e-06
332,Dijk-Std,BR-06,24,13,24,12,2.0,2.0,0.010199997632298619,1.0000721553470386,1,True,7,7.215534703863824e-05
333,Dijk-Std,BR-06,24,12,24,11,2.0,3.0,0.010099996870849282,1.0089763256094662,1,True,7,0.008976325609466151
334,Dijk-Std,BR-06,24,11,23,11,1.0,1.0,0.007100003131199628,inf,0,False,11,0.0
335,Dijk-Std,BR-06,24,11,23,11,3.0,3.0,0.020200001017656177,1.0025259612139392,1,True,8,0.0025259612139392207
336,Dijk-Std,BR-06,23,11,23,10,2.0,4.0,0.01189999602502212,1.0000000063804801,1,True,5,6.380480144230205e-09
337,Dijk-Std,BR-06,23,10,22,10,2.0,3.0,0.011099997209385037,1.0,1,True,9,0.0
338,Dijk-Std,BR-06,22,10,22,9,2.0,3.0,0.011500000255182385,1.0000062612318572,1,True,9,6.261231857207505e-06
339,Dijk-Std,BR-06,22,9,23,9,3.0,5.0,0.015000005078036338,1.000012195224568,1,True,8,1.2195224567967955e-05
340,Dijk-Std,BR-06,23,9,23,8,3.0,6.0,0.025699999241624027,1.0,1,True,9,0.0
341,Dijk-Std,BR-06,23,8,24,8,1.0,1.0,0.006299997039604932,inf,0,False,7,0.0
342,Dijk-Std,BR-06,23,8,24,8,3.0,5.0,0.01750000228639692,12.743634718253267,1,True,6,11.743634718253267
343,Dijk-Std,BR-06,24,8,24,7,2.0,3.0,0.016099998902063817,1.000000223647403,1,True,11,2.2364740304148256e-07
344,Dijk-Std,BR-06,24,7,24,6,2.0,3.0,0.014800003555137664,23.874761783028177,1,True,14,22.874761783028177
345,Dijk-Std,BR-06,24,6,23,7,5.0,5.0,0.020799998310394585,2.0,2,True,7,0.0
346,Dijk-Std,BR-06,24,7,23,7,31.0,15.0,0.0855999969644472,23.883580730788427,1,True,12,22.883580730788427
347,Dijk-Std,BR-06,23,7,24,9,16.0,12.0,0.04220000118948519,3.0000063547410667,3,True,9,6.261231857207505e-06
348,Dijk-Std,BR-06,24,7,24,9,1314.0,80.0,3.2979999959934503,133.29647072085777,2,True,5,108.41342315165834
349,Dijk-Std,BR-06,24,8,24,9,4.0,5.0,0.022599997464567423,1.0,1,True,13,0.0
350,Dijk-Std,BR-06,24,9,21,9,1.0,1.0,0.006999995093792677,inf,0,False,9,0.0
351,Dijk-Std,BR-06,24,9,21,9,8.0,6.0,0.025399996957276016,3.0,3,True,3,0.0
352,Dijk-Std,BR-06,23,9,21,9,1402.0,110.0,3.3496999967610464,inf,0,False,6,0.0
353,Dijk-Std,BR-06,23,9,21,9,54.0,14.0,0.1053000014508143,24.364878376901004,2,True,15,18.361045079729223
354,Dijk-Std,BR-06,22,9,21,9,2.0,4.0,0.01049999991664663,12.743719067183875,1,True,13,11.743719067183875
355,Dijk-Std,BR-06,21,9,22,11,1143.0,130.0,2.6956000001518987,415.72560269726137,3,True,11,169.02107872226546
356,Dijk-Std,BR-06,22,9,22,11,1.0,1.0,0.007299997378140688,inf,0,False,8,0.0
357,Dijk-Std,BR-06,22,9,22,11,6.0,7.0,0.028800001018680632,2.0415567337705127,2,True,15,0.026337661762242393
358,Dijk-Std,BR-06,22,10,22,11,3.0,5.0,0.017099999240599573,1.0,1,True,3,0.0
359,Dijk-Std,BR-06,22,11,22,12,5.0,7.0,0.036100005672778934,1.0000000000052065,1,True,12,5.206501896282134e-12
360,Dijk-Std,BR-06,22,12,23,12,5.0,7.0,0.022799998987466097,1.0,1,True,12,0.0
361,Dijk-Std,BR-06,23,12,22,13,9.0,7.0,0.023799999326001853,2.000605316200747,2,True,6,0.0005331599901554629
362,Dijk-Std,BR-06,22,12,22,13,5.0,7.0,0.021699997887481004,1.0005331620176554,1,True,10,0.0005331620176554086
363,Dijk-Std,BR-06,22,13,22,14,2.0,3.0,0.010500007192604244,1.0000000008635042,1,True,5,8.63504157067041e-10
364,Dijk-Std,BR-06,22,14,22,15,2.0,4.0,0.009999996109399945,56.64567147588452,1,True,7,55.64567147588452
365,Dijk-Std,BR-06,22,15,22,16,4.0,8.0,0.017300000763498247,1.0000062612322191,1,True,9,6.2612322191402114e-06
366,Dijk-Std,BR-06,22,16,21,16,5.0,9.0,0.021200001356191933,1.00027373342349,1,True,11,0.00027373342348990803
367,Dijk-Std,BR-06,21,16,21,17,1.0,1.0,0.008200004231184721,inf,0,False,14,0.0
368,Dijk-Std,BR-06,21,16,21,17,2.0,2.0,0.009800001862458885,330.1929878142962,1,True,9,329.1929878142962
369,Dijk-Std,BR-06,21,17,20,17,4.0,7.0,0.017400001524947584,1.0005331662883294,1,True,7,0.0005331662883294452
370,Dijk-Std,BR-06,20,17,20,16,2.0,4.0,0.011100004485342652,1.0076731935118641,1,True,10,0.007673193511864129
371,Dijk-Std,BR-06,20,16,20,19,14.0,13.0,0.0377000033040531,3.0164065681071874,3,True,9,0.01503544964832293
372,Dijk-Std,BR-06,20,17,20,19,9.0,10.0,0.026299996534362435,2.0,2,True,2,0.0
373,Dijk-Std,BR-06,20,18,20,19,2.0,4.0,0.014099998224992305,4.866453299379913,1,True,9,3.866453299379913
374,Dijk-Std,BR-06,20,19,19,19,5.0,9.0,0.019999999494757503,1.268617473442305,1,True,9,0.268617473442305
375,Dijk-Std,BR-06,19,19,18,19,15.0,15.0,0.06440000288421288,4.865920151900285,1,True,8,3.8659201519002853
376,Dijk-Std,BR-06,18,19,17,19,3.0,6.0,0.01580000389367342,1.0000000000007438,1,True,6,7.438494264988549e-13
377,Dijk-Std,BR-06,17,19,16,19,4.0,7.0,0.016400001186411828,1.0000062612319076,1,True,6,6.261231907611631e-06
378,Dijk-Std,BR-06,16,19,16,18,2.0,4.0,0.018100006855092943,1.110434005930742,1,True,5,0.11043400593074204
379,Dijk-Std,BR-06,16,18,16,17,2.0,4.0,0.011600001016631722,1.0000002233631502,1,True,11,2.2336315019799713e-07
380,Dijk-Std,BR-06,16,17,17,17,3.0,4.0,0.032000003557186574,330.1942847385254,1,True,6,329.1942847385254
381,Dijk-Std,BR-06,17,17,17,18,384.0,52.0,0.7441999987349845,271.68026166636065,1,True,14,270.68026166636065
382,Dijk-Std,BR-06,17,18,18,18,78.0,31.0,0.1773000039975159,12.74362845702136,1,True,9,11.74362845702136
383,Dijk-Std,BR-06,18,18,18,20,8.0,9.0,0.02769999991869554,2.1833127390990468,2,True,7,0.1379128093365618
384,Dijk-Std,BR-06,18,19,18,20,3.0,6.0,0.015100005839485675,109.3685570402781,1,True,14,108.3685570402781
385,Dijk-Std,BR-06,18,20,18,21,5.0,9.0,0.029199996788520366,1.000019019942979,1,True,5,1.9019942979037197e-05
386,Dijk-Std,BR-06,18,21,19,21,1.0,1.0,0.008199996955227107,inf,0,False,10,0.0
387,Dijk-Std,BR-06,18,21,19,21,4.0,8.0,0.018399994587525725,1.2686174734423132,1,True,8,0.26861747344231324
388,Dijk-Std,BR-06,19,21,19,20,2.0,4.0,0.011099997209385037,170.0133306363382,1,True,12,169.0133306363382
389,Dijk-Std,BR-06,19,20,20,20,3.0,6.0,0.01479999627918005,1.0000000124274826,1,True,8,1.2427482598553752e-08
390,Dijk-Std,BR-06,20,20,21,20,3.0,6.0,0.01189999602502212,4.095605872308219,1,True,6,3.0956058723082194
391,Dijk-Std,BR-06,21,20,21,21,5.0,9.0,0.02099999983329326,1.0000000025453804,1,True,10,2.545380350937876e-09
392,Dijk-Std,BR-06,21,21,21,22,77.0,25.0,0.16309999773511663,12.743628457026567,1,True,11,11.743628457026567
393,Dijk-Std,BR-06,21,22,21,23,3.0,6.0,0.022299995180219412,1.0149453385247815,1,True,8,0.014945338524781526
394,Dijk-Std,BR-06,21,23,21,24,1.0,1.0,0.006499998562503606,inf,0,False,10,0.0
395,Dijk-Std,BR-06,21,23,21,24,24.0,17.0,0.06160000339150429,4.8659203183280315,1,True,9,3.8659203183280315
396,Dijk-Std,BR-06,21,24,21,25,2.0,3.0,0.011500000255182385,5.003832948819512,1,True,11,4.003832948819512
397,Dijk-Std,BR-06,21,25,21,26,1.0,1.0,0.007200003892648965,inf,0,False,7,0.0
398,Dijk-Std,BR-06,21,25,21,26,1.0,1.0,0.007599999662488699,inf,0,False,7,0.0
399,Dijk-Std,BR-06,21,25,21,26,3.0,6.0,0.01809999957913533,56.63799827784298,1,True,16,55.63799827784298
400,Dijk-Std,BR-06,21,26,21,27,1.0,1.0,0.00790000194683671,inf,0,False,13,0.0
1,Dijk-Bi,BR-06,0,0,0,1,3.0,5.0,0.027900001441594213,1.0,1,True,8,0.0
2,Dijk-Bi,BR-06,0,1,0,2,4.0,5.0,0.02130000211764127,109.63664069533816,1,True,6,108.63664069533816
3,Dijk-Bi,BR-06,0,2,0,3,1.0,2.0,0.007399998139590025,inf,0,False,8,0.0
4,Dijk-Bi,BR-06,0,2,0,3,4.0,6.0,0.01939999492606148,1.0,1,True,7,0.0
5,Dijk-Bi,BR-06,0,3,0,4,5.0,7.0,0.02269999822601676,1.0000152299797447,1,True,9,1.5229979744679767e-05
6,Dijk-Bi,BR-06,0,4,0,5,3.0,6.0,0.02010000025620684,1.000000000005213,1,True,13,5.21294118982496e-12
7,Dijk-Bi,BR-06,0,5,0,6,4.0,6.0,0.0318000020342879,1.0,1,True,6,0.0
8,Dijk-Bi,BR-06,0,6,0,7,4.0,6.0,0.020499996026046574,1.0,1,True,8,0.0
9,Dijk-Bi,BR-06,0,7,0,8,4.0,6.0,0.019700004486367106,1.000090334930023,1,True,10,9.033493002297277e-05
10,Dijk-Bi,BR-06,0,8,0,9,4.0,7.0,0.020899999071843922,1.0,1,True,12,0.0
11,Dijk-Bi,BR-06,0,9,0,10,5.0,8.0,0.021899999410379678,1.000000005109089,1,True,3,5.1090889297000786e-09
12,Dijk-Bi,BR-06,0,10,0,11,4.0,7.0,0.01769999653333798,1.0,1,True,8,0.0
13,Dijk-Bi,BR-06,0,11,0,12,628.0,85.0,1.4366000032168813,109.37569641498754,1,True,13,108.37569641498754
14,Dijk-Bi,BR-06,0,12,0,13,4.0,7.0,0.024599998141638935,1.0,1,True,6,0.0
15,Dijk-Bi,BR-06,0,13,0,14,4.0,6.0,0.01809999957913533,1.000015288857679,1,True,10,1.528885767898558e-05
16,Dijk-Bi,BR-06,0,14,1,14,4.0,7.0,0.01979999797185883,1.0,1,True,6,0.0
17,Dijk-Bi,BR-06,1,14,1,15,822.0,98.0,1.8115999992005527,330.1929878142861,1,True,9,329.1929878142861
18,Dijk-Bi,BR-06,1,15,1,16,1226.0,106.0,2.921999999671243,330.1929878079056,1,True,9,329.1929878079056
19,Dijk-Bi,BR-06,1,16,1,17,6.0,10.0,0.0261999957729131,1.0149479125941516,1,True,6,0.014947912594151624
20,Dijk-Bi,BR-06,1,17,2,17,6.0,11.0,0.02830000448739156,1.00833902965885,1,True,10,0.008339029658849917
21,Dijk-Bi,BR-06,2,17,3,17,198.0,47.0,0.5345000026864,56.645671470495344,1,True,13,55.645671470495344
22,Dijk-Bi,BR-06,3,17,3,18,5.0,10.0,0.02819999644998461,1.0005331599071055,1,True,4,0.0005331599071054516
23,Dijk-Bi,BR-06,3,18,3,19,5.0,11.0,0.03499999729683623,1.0,1,True,3,0.0
24,Dijk-Bi,BR-06,3,19,2,19,5.0,10.0,0.030899995181243867,1.3358489016098098,1,True,12,0.33584890160980985
25,Dijk-Bi,BR-06,2,19,2,20,5.0,11.0,0.04159999662078917,1.0149479125941718,1,True,11,0.01494791259417183
26,Dijk-Bi,BR-06,2,20,1,20,6.0,9.0,0.024499997380189598,1.0000000000000393,1,True,9,3.930189507173054e-14
27,Dijk-Bi,BR-06,1,20,0,20,81.0,26.0,0.23409999994328246,19.852873835618787,1,True,14,18.852873835618787
28,Dijk-Bi,BR-06,0,20,0,19,641.0,99.0,1.613699998415541,170.0136016619533,1,True,17,169.0136016619533
29,Dijk-Bi,BR-06,0,19,0,18,3.0,6.0,0.02040000254055485,1.0,1,True,7,0.0
30,Dijk-Bi,BR-06,0,18,0,17,64.0,21.0,0.1463999942643568,19.315638918963092,1,True,5,18.315638918963092
31,Dijk-Bi,BR-06,0,17,0,16,3.0,5.0,0.023299995518755168,1.0,1,True,8,0.0
32,Dijk-Bi,BR-06,0,16,2,16,5.0,8.0,0.02970000059576705,2.0000274251941716,2,True,11,1.5229979744679767e-05
33,Dijk-Bi,BR-06,1,16,2,16,5.0,9.0,0.024000000848900527,1.0000000063804801,1,True,10,6.380480144230205e-09
34,Dijk-Bi,BR-06,2,16,2,15,910.0,92.0,2.124400001775939,189.93699495992146,3,True,8,108.41342315166006
35,Dijk-Bi,BR-06,1,16,1,18,8.0,11.0,0.03420000575715676,2.000000000000039,2,True,4,3.930189507173054e-14
36,Dijk-Bi,BR-06,1,17,1,18,5.0,10.0,0.023799999326001853,1.000533159912312,1,True,8,0.0005331599123119535
37,Dijk-Bi,BR-06,1,18,1,19,5.0,10.0,0.024599998141638935,1.0000004414324783,1,True,7,4.4143247834860233e-07
38,Dijk-Bi,BR-06,1,19,1,21,7.0,11.0,0.027300004148855805,2.0000000000101803,2,True,10,1.014077710692618e-11
39,Dijk-Bi,BR-06,1,20,1,21,6.0,9.0,0.02479999966453761,1.0000000000000013,1,True,5,1.3322676295501878e-15
40,Dijk-Bi,BR-06,1,21,0,21,1.0,2.0,0.013500000932253897,inf,0,False,5,0.0
41,Dijk-Bi,BR-06,1,21,0,21,5.0,7.0,0.023300002794712782,136.38075532172223,1,True,13,135.38075532172223
42,Dijk-Bi,BR-06,0,21,0,22,4.0,7.0,0.03040000592591241,1.000535221060728,1,True,14,0.0005352210607278973
43,Dijk-Bi,BR-06,0,22,0,23,1.0,2.0,0.013600001693703234,inf,0,False,6,0.0
44,Dijk-Bi,BR-06,0,22,0,23,3.0,6.0,0.02050000330200419,1.0000020735880208,1,True,10,2.0735880208455626e-06
45,Dijk-Bi,BR-06,0,23,0,24,2.0,2.0,0.016500001947861165,inf,0,False,8,0.0
46,Dijk-Bi,BR-06,0,23,0,24,5.0,8.0,0.02769999991869554,1.335462627902512,1,True,6,0.3354626279025119
47,Dijk-Bi,BR-06,0,24,1,24,4.0,8.0,0.030199997127056122,1.0095827292760409,1,True,13,0.009582729276040869
48,Dijk-Bi,BR-06,1,24,2,24,18.0,15.0,0.06740000389982015,4.8659201394728075,1,True,3,3.8659201394728075
49,Dijk-Bi,BR-06,2,24,2,23,6.0,11.0,0.03360000118846074,1.0000003483624074,1,True,9,3.483624073652436e-07
50,Dijk-Bi,BR-06,2,23,2,22,16.0,14.0,0.05570000212173909,4.09558685236528,1,True,7,3.0955868523652796
51,Dijk-Bi,BR-06,2,22,3,22,1092.0,138.0,2.88909999653697,318.50840915509883,7,True,13,169.0133154060661
52,Dijk-Bi,BR-06,2,23,1,23,4.0,8.0,0.023300002794712782,4.884693746033329,1,True,10,3.884693746033329
53,Dijk-Bi,BR-06,1,23,1,22,1.0,2.0,0.009800001862458885,inf,0,False,12,0.0
54,Dijk-Bi,BR-06,1,23,1,22,5.0,10.0,0.025200002710334957,1.1122619764216533,1,True,10,0.11226197642165325
55,Dijk-Bi,BR-06,1,22,3,22,1.0,2.0,0.007600006938446313,inf,0,False,13,0.0
56,Dijk-Bi,BR-06,1,22,3,22,16.0,19.0,0.055699994845781475,58.60903747713261,6,True,12,22.87346698482001
57,Dijk-Bi,BR-06,1,21,3,21,15.0,14.0,0.04389999958220869,4.0,4,True,8,0.0
58,Dijk-Bi,BR-06,1,20,3,20,1.0,2.0,0.0092999980552122,inf,0,False,5,0.0
59,Dijk-Bi,BR-06,1,20,3,20,7.0,10.0,0.035700002626981586,2.000000000000199,2,True,14,1.9761969838327786e-13
60,Dijk-Bi,BR-06,2,20,3,20,5.0,10.0,0.028799993742723018,1.0000000000000488,1,True,5,4.884981308350689e-14
61,Dijk-Bi,BR-06,3,20,4,20,6.0,12.0,0.0351999988197349,1.0149453385247815,1,True,8,0.014945338524781526
62,Dijk-Bi,BR-06,4,20,5,20,6.0,11.0,0.025199995434377342,4.8659201394728075,1,True,4,3.8659201394728075
63,Dijk-Bi,BR-06,5,20,6,20,5.0,9.0,0.020000006770715117,1.1105220559606603,1,True,6,0.11052205596066034
64,Dijk-Bi,BR-06,6,20,6,19,46.0,25.0,0.10690000635804608,23.873465003066244,1,True,6,22.873465003066244
65,Dijk-Bi,BR-06,6,19,6,18,4.0,8.0,0.020499996026046574,1.0076734160241678,1,True,9,0.007673416024167823
66,Dijk-Bi,BR-06,6,18,6,17,19.0,20.0,0.05740000051446259,7.953531609264076,3,True,7,3.0955868523652406
67,Dijk-Bi,BR-06,5,18,5,17,4.0,9.0,0.0259000007645227,1.0453999297706082,1,True,5,0.04539992977060825
68,Dijk-Bi,BR-06,5,17,6,17,5.0,11.0,0.023699998564552516,1.0000000000000036,1,True,9,3.552713678800501e-15
69,Dijk-Bi,BR-06,6,17,7,17,2.0,3.0,0.012600001355167478,inf,0,False,11,0.0
70,Dijk-Bi,BR-06,6,17,7,17,6.0,12.0,0.023699998564552516,1.0149453385247815,1,True,4,0.014945338524781526
71,Dijk-Bi,BR-06,7,17,8,17,4.0,9.0,0.018900005670730025,1.0000000000000244,1,True,6,2.4424906541753444e-14
72,Dijk-Bi,BR-06,8,17,9,17,6.0,12.0,0.03290000313427299,1.523195684395796,1,True,12,0.5231956843957959
73,Dijk-Bi,BR-06,9,17,9,16,6.0,11.0,0.025200002710334957,1.0454720851095234,1,True,8,0.045472085109523386
74,Dijk-Bi,BR-06,9,16,9,15,5.0,10.0,0.024700006179045886,2.5893994396670736,1,True,6,1.5893994396670736
75,Dijk-Bi,BR-06,9,15,10,15,5.0,10.0,0.03360000118846074,1.0000000002946337,1,True,10,2.9463365081028314e-10
76,Dijk-Bi,BR-06,10,15,11,15,5.0,11.0,0.028600006771739572,1.0000000016920212,1,True,11,1.6920211898252546e-09
77,Dijk-Bi,BR-06,11,15,11,14,7.0,14.0,0.030499999411404133,136.3358184576734,1,True,9,135.3358184576734
78,Dijk-Bi,BR-06,11,14,11,13,16.0,16.0,0.07220000406960025,4.912629137117403,1,True,13,3.9126291371174027
79,Dijk-Bi,BR-06,11,13,10,13,5.0,11.0,0.03060000017285347,121.38035926434657,1,True,11,120.38035926434657
80,Dijk-Bi,BR-06,10,13,9,13,5.0,11.0,0.02479999966453761,1.0530733012660687,1,True,9,0.053073301266068684
81,Dijk-Bi,BR-06,9,13,8,13,6.0,10.0,0.026200003048870713,1.268617473442305,1,True,10,0.268617473442305
82,Dijk-Bi,BR-06,8,13,8,12,5.0,10.0,0.02390000008745119,1.045402503831855,1,True,10,0.04540250383185507
83,Dijk-Bi,BR-06,8,12,8,11,13.0,16.0,0.04859999899053946,4.110532415116669,1,True,15,3.110532415116669
84,Dijk-Bi,BR-06,8,11,7,11,6.0,10.0,0.025699999241624027,1.0149453385247815,1,True,9,0.014945338524781526
85,Dijk-Bi,BR-06,7,11,7,10,4.0,8.0,0.018999999156221747,1.0,1,True,5,0.0
86,Dijk-Bi,BR-06,7,10,8,10,4.0,9.0,0.026100002287421376,1.110504100124158,1,True,7,0.11050410012415801
87,Dijk-Bi,BR-06,8,10,8,9,4.0,7.0,0.01889999839477241,1.0000000000000555,1,True,7,5.551115123125783e-14
88,Dijk-Bi,BR-06,8,9,9,9,5.0,9.0,0.02130000211764127,1.009672769084078,1,True,7,0.009672769084078103
89,Dijk-Bi,BR-06,9,9,9,10,6.0,10.0,0.021500003640539944,1.0000000000017182,1,True,6,1.7181811529098923e-12
90,Dijk-Bi,BR-06,9,10,9,11,6.0,12.0,0.02849999873433262,1.0000721556312981,1,True,8,7.215563129814306e-05
91,Dijk-Bi,BR-06,9,11,10,11,229.0,49.0,0.5693000057362951,19.315638888734178,1,True,7,18.315638888734178
92,Dijk-Bi,BR-06,10,11,10,10,4.0,9.0,0.01979999797185883,1.0,1,True,5,0.0
93,Dijk-Bi,BR-06,10,10,10,9,6.0,9.0,0.022899999748915434,1.0000062612318572,1,True,5,6.261231857207505e-06
94,Dijk-Bi,BR-06,10,9,10,8,1205.0,91.0,2.686400002858136,330.1929878079056,1,True,9,329.1929878079056
95,Dijk-Bi,BR-06,10,8,11,8,5.0,11.0,0.021700005163438618,1.0001125351747193,1,True,4,0.00011253517471931929
96,Dijk-Bi,BR-06,11,8,11,7,6.0,11.0,0.028999995265621692,31.985833397235137,1,True,10,30.985833397235137
97,Dijk-Bi,BR-06,11,7,11,6,6.0,12.0,0.0681000019540079,1.0161469086482429,1,True,12,0.016146908648242864
98,Dijk-Bi,BR-06,11,6,11,5,7.0,13.0,0.0320999970426783,1.0149454303562881,1,True,9,0.014945430356288147
99,Dijk-Bi,BR-06,11,5,11,4,7.0,15.0,0.02680000034160912,1.0001125351747193,1,True,6,0.00011253517471931929
100,Dijk-Bi,BR-06,11,4,11,3,2.0,3.0,0.017300000763498247,inf,0,False,6,0.0
101,Dijk-Bi,BR-06,11,4,11,3,4.0,10.0,0.02149999636458233,1.0000901413524559,1,True,8,9.014135245588584e-05
102,Dijk-Bi,BR-06,11,3,12,3,20.0,18.0,0.07229999755509198,4.095586852365241,1,True,8,3.0955868523652406
103,Dijk-Bi,BR-06,12,3,12,4,10.0,17.0,0.039200000173877925,2.589327283458245,1,True,8,1.5893272834582448
104,Dijk-Bi,BR-06,12,4,13,4,6.0,11.0,0.026299996534362435,1.0000000972206822,1,True,6,9.722068217143942e-08
105,Dijk-Bi,BR-06,13,4,14,4,714.0,101.0,1.7494000057922676,611.5701840021029,3,True,11,329.33090061724215
106,Dijk-Bi,BR-06,13,5,14,5,23.0,23.0,0.08710000111022964,5.684914135822003,1,True,13,4.684914135822003
107,Dijk-Bi,BR-06,14,5,14,4,7.0,15.0,0.040199993236456066,1.000019019942979,1,True,9,1.9019942979037197e-05
108,Dijk-Bi,BR-06,14,4,14,3,7.0,15.0,0.032500000088475645,1.0000000652583656,1,True,12,6.525836560022924e-08
109,Dijk-Bi,BR-06,14,3,15,3,1299.0,74.0,2.9324999995878898,330.192988156268,1,True,5,329.192988156268
110,Dijk-Bi,BR-06,15,3,15,2,4.0,9.0,0.021399995603132993,1.0,1,True,8,0.0
111,Dijk-Bi,BR-06,15,2,16,2,1.0,2.0,0.012500000593718141,inf,0,False,14,0.0
112,Dijk-Bi,BR-06,15,2,16,2,8.0,12.0,0.03060000017285347,2.589327283456531,1,True,7,1.589327283456531
113,Dijk-Bi,BR-06,16,2,16,1,6.0,10.0,0.028200003725942224,1.0076731926483602,1,True,4,0.007673192648360194
114,Dijk-Bi,BR-06,16,1,16,0,5.0,6.0,0.019400002202019095,1.00000000000812,1,True,11,8.11994915750347e-12
115,Dijk-Bi,BR-06,16,0,17,0,5.0,8.0,0.021200001356191933,1.0000000008635042,1,True,9,8.63504157067041e-10
116,Dijk-Bi,BR-06,17,0,18,0,4.0,7.0,0.01930000144056976,1.0000001788552235,1,True,11,1.7885522352045768e-07
117,Dijk-Bi,BR-06,18,0,19,0,5.0,8.0,0.02130000211764127,1.000000223363147,1,True,9,2.2336314708937266e-07
118,Dijk-Bi,BR-06,19,0,20,0,5.0,8.0,0.020399995264597237,1.0,1,True,12,0.0
119,Dijk-Bi,BR-06,20,0,21,0,5.0,7.0,0.03239999932702631,1.0000000000041689,1,True,10,4.168887457467463e-12
120,Dijk-Bi,BR-06,21,0,21,1,4.0,7.0,0.021100000594742596,1.0101162529196404,1,True,15,0.010116252919640356
121,Dijk-Bi,BR-06,21,1,22,1,1.0,2.0,0.0092999980552122,inf,0,False,8,0.0
122,Dijk-Bi,BR-06,21,1,22,1,1.0,2.0,0.008800001523923129,inf,0,False,12,0.0
123,Dijk-Bi,BR-06,21,1,22,1,6.0,9.0,0.02469999890308827,136.35022857513746,1,True,8,135.35022857513746
124,Dijk-Bi,BR-06,22,1,23,1,26.0,13.0,0.06730000313837081,23.873464911238912,1,True,10,22.873464911238912
125,Dijk-Bi,BR-06,23,1,23,0,5.0,8.0,0.020200001017656177,1.816003065051893,1,True,8,0.816003065051893
126,Dijk-Bi,BR-06,23,0,24,0,4.0,6.0,0.017700003809295595,1.000006261241998,1,True,8,6.261241997984612e-06
127,Dijk-Bi,BR-06,24,0,24,1,4.0,6.0,0.019099999917671084,1.0,1,True,11,0.0
128,Dijk-Bi,BR-06,24,1,24,2,4.0,6.0,0.01920000067912042,4.095586852365241,1,True,7,3.0955868523652406
129,Dijk-Bi,BR-06,24,2,23,2,4.0,8.0,0.019500002963468432,1.0172562856608949,1,True,12,0.017256285660894877
130,Dijk-Bi,BR-06,23,2,23,3,5.0,11.0,0.025200002710334957,1.0076731926483602,1,True,6,0.007673192648360194
131,Dijk-Bi,BR-06,23,3,23,4,5.0,11.0,0.024299995857290924,1.0,1,True,5,0.0
132,Dijk-Bi,BR-06,23,4,24,4,6.0,11.0,0.02600000152597204,1.8159878350721481,1,True,9,0.8159878350721481
133,Dijk-Bi,BR-06,24,4,24,3,4.0,8.0,0.021599997126031667,1.0,1,True,7,0.0
134,Dijk-Bi,BR-06,24,3,24,5,7.0,9.0,0.027599999157246202,2.0,2,True,5,0.0
135,Dijk-Bi,BR-06,24,4,24,5,5.0,8.0,0.02479999966453761,1.8165209949792538,1,True,7,0.8165209949792538
136,Dijk-Bi,BR-06,24,5,23,5,5.0,7.0,0.020200001017656177,1.110431946463165,1,True,9,0.1104319464631649
137,Dijk-Bi,BR-06,23,5,22,5,5.0,11.0,0.0242000023717992,1.0000121952270915,1,True,10,1.219522709150489e-05
138,Dijk-Bi,BR-06,22,5,21,5,529.0,53.0,1.23899999744026,109.36802322189585,1,True,6,108.36802322189585
139,Dijk-Bi,BR-06,21,5,20,5,5.0,11.0,0.023299995518755168,1.0000901119870456,1,True,12,9.011198704556023e-05
140,Dijk-Bi,BR-06,20,5,20,4,4.0,10.0,0.023100001271814108,1.0,1,True,8,0.0
141,Dijk-Bi,BR-06,20,4,21,4,808.0,102.0,2.1348000009311363,109.36802331372319,1,True,13,108.36802331372319
142,Dijk-Bi,BR-06,21,4,21,3,4.0,9.0,0.01920000067912042,1.0000000021004094,1,True,11,2.100409401961656e-09
143,Dijk-Bi,BR-06,21,3,22,3,2.0,3.0,0.01630000042496249,inf,0,False,10,0.0
144,Dijk-Bi,BR-06,21,3,22,3,7.0,14.0,0.03550000110408291,1.335481647845491,1,True,7,0.33548164784549095
145,Dijk-Bi,BR-06,22,3,22,2,4.0,8.0,0.028099995688535273,1.0,1,True,9,0.0
146,Dijk-Bi,BR-06,22,2,22,0,6.0,8.0,0.02710000262595713,2.0000001805371,2,True,10,1.7885522352045768e-07
147,Dijk-Bi,BR-06,22,1,22,0,4.0,8.0,0.024400003894697875,1.3814109475525516,1,True,8,0.38141094755255156
148,Dijk-Bi,BR-06,22,0,20,1,13.0,12.0,0.08489999891025946,3.0000194678162986,3,True,8,1.9026323459181427e-05
149,Dijk-Bi,BR-06,22,1,20,1,6.0,11.0,0.060699996538460255,2.0000000037822856,2,True,6,2.100409401961656e-09
150,Dijk-Bi,BR-06,21,1,20,1,3.0,7.0,0.02729999687289819,1.0,1,True,15,0.0
151,Dijk-Bi,BR-06,20,1,19,1,64.0,35.0,0.15240000357152894,109.36802340075143,1,True,10,108.36802340075143
152,Dijk-Bi,BR-06,19,1,18,1,6.0,11.0,0.027199996111448854,2.6347272132190156,1,True,16,1.6347272132190156
153,Dijk-Bi,BR-06,18,1,18,2,6.0,11.0,0.02630000381032005,1.1379128093365618,1,True,5,0.1379128093365618
154,Dijk-Bi,BR-06,18,2,19,2,6.0,10.0,0.03399999695830047,1.0000000016818764,1,True,8,1.6818764159154398e-09
155,Dijk-Bi,BR-06,19,2,20,2,6.0,12.0,0.023100001271814108,1.0000000918273335,1,True,7,9.182733351487116e-08
156,Dijk-Bi,BR-06,20,2,20,3,5.0,10.0,0.026699999580159783,1.0,1,True,9,0.0
157,Dijk-Bi,BR-06,20,3,19,3,3.0,7.0,0.018300001102034003,1.0,1,True,8,0.0
158,Dijk-Bi,BR-06,19,3,19,4,5.0,11.0,0.022000000171829015,1.0000000000041689,1,True,9,4.168887457467463e-12
159,Dijk-Bi,BR-06,19,4,18,4,6.0,10.0,0.027099995349999517,1.1109651046842286,1,True,6,0.1109651046842286
160,Dijk-Bi,BR-06,18,4,17,4,158.0,35.0,0.37010000232839957,24.011379781729094,1,True,12,23.011379781729094
161,Dijk-Bi,BR-06,17,4,17,5,2.0,4.0,0.014000004739500582,inf,0,False,12,0.0
162,Dijk-Bi,BR-06,17,4,17,5,6.0,12.0,0.024599998141638935,1.0000003483624074,1,True,8,3.483624073652436e-07
163,Dijk-Bi,BR-06,17,5,17,6,310.0,59.0,0.7578000004286878,58.30488586663877,3,True,11,28.565500784834637
164,Dijk-Bi,BR-06,16,5,16,6,5.0,11.0,0.02489999315002933,1.0,1,True,8,0.0
165,Dijk-Bi,BR-06,16,6,16,7,5.0,11.0,0.022599997464567423,1.0000000000000002,1,True,6,2.220446049250313e-16
166,Dijk-Bi,BR-06,16,7,17,7,6.0,12.0,0.02649999805726111,1.0013031329692261,1,True,9,0.0013031329692261284
167,Dijk-Bi,BR-06,17,7,18,7,5.0,11.0,0.024400003894697875,1.0005331599671061,1,True,11,0.0005331599671061227
168,Dijk-Bi,BR-06,18,7,18,6,5.0,10.0,0.02830000448739156,1.0000000008635244,1,True,10,8.635243631260892e-10
169,Dijk-Bi,BR-06,18,6,17,6,6.0,12.0,0.024500004656147212,1.0000000016818762,1,True,12,1.6818761938708349e-09
170,Dijk-Bi,BR-06,17,6,15,6,9.0,16.0,0.03409999771974981,2.0000155754073052,2,True,8,1.52602167791116e-05
171,Dijk-Bi,BR-06,16,6,15,6,1.0,2.0,0.008499999239575118,inf,0,False,15,0.0
172,Dijk-Bi,BR-06,16,6,15,6,709.0,79.0,1.4644000038970262,109.3680232218959,1,True,8,108.3680232218959
173,Dijk-Bi,BR-06,15,6,14,6,268.0,56.0,1.05230000190204,56.77593010712653,1,True,10,55.77593010712653
174,Dijk-Bi,BR-06,14,6,14,7,6.0,12.0,0.032500000088475645,1.1104321681402631,1,True,7,0.11043216814026313
175,Dijk-Bi,BR-06,14,7,15,7,6.0,13.0,0.02970000059576705,1.000000000000401,1,True,7,4.0101255649460654e-13
176,Dijk-Bi,BR-06,15,7,15,8,6.0,12.0,0.028099995688535273,24.2089338003814,1,True,8,23.2089338003814
177,Dijk-Bi,BR-06,15,8,16,8,7.0,15.0,0.030000002880115062,1.000666184509393,1,True,5,0.0006661845093929308
178,Dijk-Bi,BR-06,16,8,16,9,547.0,71.0,1.2065999981132336,56.64052423905675,1,True,11,55.64052423905675
179,Dijk-Bi,BR-06,16,9,17,9,7.0,14.0,0.03360000118846074,1.0000000000000013,1,True,7,1.3322676295501878e-15
180,Dijk-Bi,BR-06,17,9,18,9,62.0,29.0,0.14350000128615648,20.210295101462002,3,True,5,11.75321120680923
181,Dijk-Bi,BR-06,17,10,18,10,6.0,12.0,0.027900001441594213,1.0150174938722019,1,True,10,0.01501749387220186
182,Dijk-Bi,BR-06,18,10,18,9,106.0,35.0,0.31060000037541613,12.743647476965045,1,True,12,11.743647476965045
183,Dijk-Bi,BR-06,18,9,18,8,6.0,11.0,0.02469999890308827,1.0000064400870807,1,True,11,6.440087080727963e-06
184,Dijk-Bi,BR-06,18,8,19,8,5.0,10.0,0.02479999966453761,1.0000000000195846,1,True,6,1.9584556198992686e-11
185,Dijk-Bi,BR-06,19,8,19,9,1372.0,55.0,3.2831000062287785,170.01331540606608,1,True,3,169.01331540606608
186,Dijk-Bi,BR-06,19,9,20,9,6.0,11.0,0.023699998564552516,1.815987835082289,1,True,9,0.8159878350822889
187,Dijk-Bi,BR-06,20,9,20,8,6.0,11.0,0.031100003980100155,1.0000062612318572,1,True,6,6.261231857207505e-06
188,Dijk-Bi,BR-06,20,8,21,8,5.0,10.0,0.020300001779105514,1.0079469260718499,1,True,9,0.00794692607184988
189,Dijk-Bi,BR-06,21,8,22,8,6.0,11.0,0.02600000152597204,1.0,1,True,13,0.0
190,Dijk-Bi,BR-06,22,8,22,7,2.0,3.0,0.012999997125007212,inf,0,False,9,0.0
191,Dijk-Bi,BR-06,22,8,22,7,5.0,12.0,0.031299998227041215,1.0000003785916833,1,True,15,3.785916833365377e-07
192,Dijk-Bi,BR-06,22,7,23,7,7.0,12.0,0.03239999932702631,136.3352832366127,1,True,10,135.3352832366127
193,Dijk-Bi,BR-06,23,7,24,7,4.0,6.0,0.02059999678749591,1.0000000000749691,1,True,8,7.496914200544325e-11
194,Dijk-Bi,BR-06,24,7,24,8,47.0,19.0,0.10759999713627622,23.873464916348,1,True,10,22.873464916348
195,Dijk-Bi,BR-06,24,8,23,8,5.0,8.0,0.023699998564552516,1.0000000124274782,1,True,5,1.2427478157661653e-08
196,Dijk-Bi,BR-06,23,8,23,9,6.0,11.0,0.03239999932702631,1.2687228269730695,1,True,10,0.2687228269730695
197,Dijk-Bi,BR-06,23,9,23,10,5.0,9.0,0.024499997380189598,1.0000152299797649,1,True,6,1.5229979764885826e-05
198,Dijk-Bi,BR-06,23,10,22,10,5.0,10.0,0.024199995095841587,1.0000064845950007,1,True,8,6.484595000744164e-06
199,Dijk-Bi,BR-06,22,10,22,9,38.0,17.0,0.09109999518841505,12.744161616938607,1,True,9,11.744161616938607
200,Dijk-Bi,BR-06,22,9,21,9,4.0,9.0,0.022000000171829015,1.0000152299797447,1,True,9,1.5229979744679767e-05
201,Dijk-Bi,BR-06,21,9,21,11,14.0,19.0,0.047100002120714635,4.000002156651198,4,True,13,2.061163763000806e-06
202,Dijk-Bi,BR-06,22,9,22,11,8.0,16.0,0.029599999834317714,9.731840278945615,2,True,5,3.8659201394728075
203,Dijk-Bi,BR-06,22,10,22,11,1037.0,98.0,2.531700003601145,174.21469839680526,1,True,12,173.21469839680526
204,Dijk-Bi,BR-06,22,11,21,11,5.0,9.0,0.026400004571769387,1.00000005887859,1,True,7,5.887859000353046e-08
205,Dijk-Bi,BR-06,21,11,21,12,5.0,11.0,0.024299995857290924,1.0000000000101408,1,True,7,1.014077710692618e-11
206,Dijk-Bi,BR-06,21,12,21,13,6.0,11.0,0.024100001610349864,1.0000721553470777,1,True,8,7.215534707771809e-05
207,Dijk-Bi,BR-06,21,13,21,14,6.0,12.0,0.028700000257231295,1.0000152299797447,1,True,4,1.5229979744679767e-05
208,Dijk-Bi,BR-06,21,14,21,15,2.0,3.0,0.015400000847876072,inf,0,False,9,0.0
209,Dijk-Bi,BR-06,21,14,21,15,4.0,10.0,0.024900000425986946,1.0000001789152717,1,True,11,1.7891527170910138e-07
210,Dijk-Bi,BR-06,21,15,20,15,6.0,13.0,0.0278999941656366,1.5231953970456977,1,True,7,0.5231953970456977
211,Dijk-Bi,BR-06,20,15,20,14,2.0,4.0,0.013199998647905886,inf,0,False,8,0.0
212,Dijk-Bi,BR-06,20,15,20,14,5.0,12.0,0.025200002710334957,1.0453999297624847,1,True,11,0.04539992976248475
213,Dijk-Bi,BR-06,20,14,20,13,6.0,12.0,0.029100003303028643,1.0005331599071055,1,True,9,0.0005331599071054516
214,Dijk-Bi,BR-06,20,13,20,12,1.0,2.0,0.008799994247965515,inf,0,False,6,0.0
215,Dijk-Bi,BR-06,20,13,20,12,12.0,16.0,0.04290000651963055,8.365634715892764,3,True,12,3.8735933338030435
216,Dijk-Bi,BR-06,19,13,19,12,24.0,23.0,0.06929999653948471,5.02209674333805,1,True,15,4.02209674333805
217,Dijk-Bi,BR-06,19,12,19,11,3.0,8.0,0.02439999661874026,1.0,1,True,7,0.0
218,Dijk-Bi,BR-06,19,11,18,11,5.0,11.0,0.028800001018680632,1.0186644691136693,1,True,12,0.018664469113669258
219,Dijk-Bi,BR-06,18,11,17,11,252.0,55.0,0.5403999966802076,29.573173989910476,1,True,12,28.573173989910476
220,Dijk-Bi,BR-06,17,11,16,11,22.0,19.0,0.06199999916134402,4.865922200626434,1,True,10,3.865922200626434
221,Dijk-Bi,BR-06,16,11,16,10,24.0,24.0,0.07470000127796084,4.865920362837665,1,True,11,3.865920362837665
222,Dijk-Bi,BR-06,16,10,15,10,5.0,12.0,0.02300000051036477,1.0000000926908377,1,True,8,9.26908376719382e-08
223,Dijk-Bi,BR-06,15,10,15,9,7.0,15.0,0.028500006010290235,1.1104323849668605,1,True,6,0.11043238496686048
224,Dijk-Bi,BR-06,15,9,14,9,7.0,13.0,0.03669999568955973,2.5898726385861837,1,True,15,1.5898726385861837
225,Dijk-Bi,BR-06,14,9,14,8,1185.0,108.0,2.638000005390495,109.36802322700494,1,True,8,108.36802322700494
226,Dijk-Bi,BR-06,14,8,13,8,1.0,2.0,0.008499999239575118,inf,0,False,10,0.0
227,Dijk-Bi,BR-06,14,8,13,8,5.0,11.0,0.026200003048870713,1.5231953973299373,1,True,4,0.5231953973299373
228,Dijk-Bi,BR-06,13,8,13,7,6.0,11.0,0.04320000152802095,1.000000000001734,1,True,9,1.7339463198595695e-12
229,Dijk-Bi,BR-06,13,7,12,7,5.0,10.0,0.02220000169472769,1.0015706051628794,1,True,6,0.0015706051628794349
230,Dijk-Bi,BR-06,12,7,12,8,1134.0,108.0,2.6506000067456625,330.1929878079056,1,True,8,329.1929878079056
231,Dijk-Bi,BR-06,12,8,12,9,290.0,72.0,0.756800000090152,56.638004661130914,1,True,17,55.638004661130914
232,Dijk-Bi,BR-06,12,9,11,9,3.0,7.0,0.019899998733308166,1.0000000002852492,1,True,10,2.852491576277316e-10
233,Dijk-Bi,BR-06,11,9,13,9,12.0,14.0,0.03850000211969018,3.727318509371989,2,True,5,1.5893994388035697
234,Dijk-Bi,BR-06,12,9,13,9,6.0,11.0,0.024900000425986946,1.0012973067812538,1,True,8,0.0012973067812538375
235,Dijk-Bi,BR-06,13,9,13,10,25.0,23.0,0.079699995694682,4.8659201394728075,1,True,2,3.8659201394728075
236,Dijk-Bi,BR-06,13,10,14,10,6.0,13.0,0.0242000023717992,1.268617473442305,1,True,8,0.268617473442305
237,Dijk-Bi,BR-06,14,10,14,11,5.0,11.0,0.025500004994682968,1.137912901174036,1,True,9,0.1379129011740361
238,Dijk-Bi,BR-06,14,11,15,11,1.0,2.0,0.007799993909429759,inf,0,False,10,0.0
239,Dijk-Bi,BR-06,14,11,15,11,7.0,14.0,0.030099996365606785,1.110431945061379,1,True,6,0.1104319450613791
240,Dijk-Bi,BR-06,15,11,15,12,5.0,11.0,0.029800001357216388,1.0000000000599993,1,True,7,5.999933883060748e-11
241,Dijk-Bi,BR-06,15,12,16,12,5.0,9.0,0.027099995349999517,1.00000000000812,1,True,9,8.11994915750347e-12
242,Dijk-Bi,BR-06,16,12,17,12,104.0,35.0,0.23240000155055895,40.712680492989946,3,True,7,22.873465090094133
243,Dijk-Bi,BR-06,16,11,17,12,1309.0,87.0,3.8677999982610345,252.66481345035095,2,True,6,139.2012033760897
244,Dijk-Bi,BR-06,16,12,17,12,28.0,28.0,0.08460000390186906,4.867217196038212,1,True,16,3.8672171960382116
245,Dijk-Bi,BR-06,17,12,18,12,6.0,13.0,0.046200002543628216,1.0000721553470386,1,True,10,7.215534703863824e-05
246,Dijk-Bi,BR-06,18,12,18,13,362.0,60.0,1.7474999986006878,109.36802322225505,1,True,5,108.36802322225505
247,Dijk-Bi,BR-06,18,13,18,14,5.0,11.0,0.028500006010290235,53.25502568620847,1,True,10,52.25502568620847
248,Dijk-Bi,BR-06,18,14,19,14,6.0,13.0,0.04060000355821103,1.525721358259617,1,True,5,0.525721358259617
249,Dijk-Bi,BR-06,19,14,19,15,5.0,12.0,0.02469999890308827,1.000000000568519,1,True,5,5.685190096471615e-10
250,Dijk-Bi,BR-06,19,15,18,15,5.0,11.0,0.02510000194888562,1.0000000588778855,1,True,13,5.8877885455999035e-08
251,Dijk-Bi,BR-06,18,15,17,15,5.0,12.0,0.02479999966453761,1.0000152299797447,1,True,9,1.5229979744679767e-05
252,Dijk-Bi,BR-06,17,15,17,14,7.0,15.0,0.04850000550504774,1.33548164828883,1,True,10,0.3354816482888301
253,Dijk-Bi,BR-06,17,14,16,14,24.0,21.0,0.06900000153109431,4.865920375263429,1,True,10,3.8659203752634292
254,Dijk-Bi,BR-06,16,14,15,14,14.0,15.0,0.05070000042906031,4.875592908556925,1,True,12,3.875592908556925
255,Dijk-Bi,BR-06,15,14,14,14,5.0,10.0,0.024499997380189598,1.8160069144112807,1,True,12,0.8160069144112807
256,Dijk-Bi,BR-06,14,14,14,13,130.0,45.0,0.39259999903151765,119.13481144937393,3,True,13,63.38608077342295
257,Dijk-Bi,BR-06,13,14,12,14,18.0,16.0,0.06909999501658604,4.095676963773041,1,True,10,3.095676963773041
258,Dijk-Bi,BR-06,12,14,12,13,11.0,18.0,0.03979999746661633,2.589601018561897,1,True,6,1.589601018561897
259,Dijk-Bi,BR-06,12,13,13,13,1032.0,108.0,2.748099999735132,109.37760606382069,1,True,9,108.37760606382069
260,Dijk-Bi,BR-06,13,13,13,12,10.0,16.0,0.036600002204068005,2.5893335446925567,1,True,9,1.5893335446925567
261,Dijk-Bi,BR-06,13,12,13,11,773.0,72.0,1.6193000046769157,56.63799827784281,1,True,5,55.63799827784281
262,Dijk-Bi,BR-06,13,11,12,11,11.0,15.0,0.036900004488416016,29.56550078455108,1,True,8,28.56550078455108
263,Dijk-Bi,BR-06,12,11,12,10,5.0,9.0,0.028100002964492887,1.007673192723522,1,True,10,0.007673192723522071
264,Dijk-Bi,BR-06,12,10,11,11,7.0,13.0,0.03339999966556206,2.0013316740223956,2,True,11,0.0006658370111978229
265,Dijk-Bi,BR-06,12,11,11,11,5.0,9.0,0.030800001695752144,1.0076731926592069,1,True,11,0.007673192659206851
266,Dijk-Bi,BR-06,11,11,11,12,5.0,11.0,0.03260000084992498,1.0001125372752773,1,True,5,0.00011253727527726909
267,Dijk-Bi,BR-06,11,12,10,12,7.0,12.0,0.03930000093532726,136.3352832366127,1,True,6,135.3352832366127
268,Dijk-Bi,BR-06,10,12,9,12,304.0,79.0,2.6213000019197352,29.565500796977904,1,True,7,28.565500796977904
269,Dijk-Bi,BR-06,9,12,7,12,8.0,15.0,0.034500000765547156,9.595688011172175,2,True,12,3.9763705406963608
270,Dijk-Bi,BR-06,8,12,7,12,5.0,12.0,0.02849999873433262,1.5238376880193036,1,True,11,0.5238376880193036
271,Dijk-Bi,BR-06,7,12,7,13,479.0,68.0,1.033200001984369,88.69726571657344,3,True,8,55.63799827870631
272,Dijk-Bi,BR-06,6,12,6,11,5.0,10.0,0.02179999864893034,1.0000000063805192,1,True,12,6.380519224080672e-09
273,Dijk-Bi,BR-06,6,11,6,10,6.0,11.0,0.026100002287421376,136.3352832366134,1,True,10,135.3352832366134
274,Dijk-Bi,BR-06,6,10,6,9,6.0,10.0,0.03259999357396737,1.0000000000000042,1,True,5,4.218847493575595e-15
275,Dijk-Bi,BR-06,6,9,5,9,6.0,9.0,0.025399996957276016,1.0000000002842595,1,True,5,2.8425950482358076e-10
276,Dijk-Bi,BR-06,5,9,5,8,4.0,9.0,0.022300002456177026,1.0000726501404265,1,True,8,7.265014042645568e-05
277,Dijk-Bi,BR-06,5,8,5,7,5.0,10.0,0.03529999958118424,1.0000122003235163,1,True,7,1.2200323516342593e-05
278,Dijk-Bi,BR-06,5,7,6,7,306.0,54.0,0.7583999977214262,29.565500784550377,1,True,6,28.565500784550377
279,Dijk-Bi,BR-06,6,7,6,8,6.0,12.0,0.031600000511389226,1.0000000000000202,1,True,5,2.020605904817785e-14
280,Dijk-Bi,BR-06,6,8,7,8,5.0,10.0,0.027000001864507794,2.5898604433636363,1,True,8,1.5898604433636363
281,Dijk-Bi,BR-06,7,8,7,7,28.0,20.0,0.08540000271750614,56.63853143774992,1,True,11,55.63853143774992
282,Dijk-Bi,BR-06,7,7,7,6,6.0,12.0,0.03330000618007034,1.0002737334241945,1,True,8,0.00027373342419445557
283,Dijk-Bi,BR-06,7,6,7,5,11.0,15.0,0.037999998312443495,58.30488583526209,3,True,9,28.565500784550377
284,Dijk-Bi,BR-06,6,6,6,5,4.0,10.0,0.024299995857290924,1.0,1,True,4,0.0
285,Dijk-Bi,BR-06,6,5,7,5,6.0,12.0,0.027499998395796865,1.0000000302289143,1,True,10,3.022891426063268e-08
286,Dijk-Bi,BR-06,7,5,7,4,4.0,10.0,0.022400003217626363,1.0,1,True,4,0.0
287,Dijk-Bi,BR-06,7,4,7,3,928.0,133.0,2.074800002446864,109.3680232218959,1,True,15,108.3680232218959
288,Dijk-Bi,BR-06,7,3,7,2,5.0,12.0,0.028700000257231295,1.0095889191923937,1,True,16,0.009588919192393686
289,Dijk-Bi,BR-06,7,2,7,1,19.0,19.0,0.05609999789157882,4.8659201394728075,1,True,4,3.8659201394728075
290,Dijk-Bi,BR-06,7,1,7,0,4.0,8.0,0.020699997548945248,1.0000000605597619,1,True,9,6.055976187191447e-08
291,Dijk-Bi,BR-06,7,0,8,0,4.0,7.0,0.02319999475730583,1.00000000000812,1,True,5,8.11994915750347e-12
292,Dijk-Bi,BR-06,8,0,8,1,22.0,22.0,0.06630000279983506,56.6386641139898,1,True,12,55.6386641139898
293,Dijk-Bi,BR-06,8,1,9,1,6.0,11.0,0.032699994335416704,1.0,1,True,8,0.0
294,Dijk-Bi,BR-06,9,1,10,1,5.0,11.0,0.02909999602707103,1.335462627902512,1,True,4,0.3354626279025119
295,Dijk-Bi,BR-06,10,1,10,0,158.0,33.0,0.33260000054724514,664.9133552386819,3,True,15,357.77343393098596
296,Dijk-Bi,BR-06,9,1,9,0,46.0,18.0,0.10840000322787091,66.76325616467084,3,True,6,41.18964915509462
297,Dijk-Bi,BR-06,8,1,8,2,2.0,3.0,0.012799995602108538,inf,0,False,13,0.0
298,Dijk-Bi,BR-06,8,1,8,2,5.0,10.0,0.03109999670414254,1.0,1,True,3,0.0
299,Dijk-Bi,BR-06,8,2,8,3,5.0,11.0,0.025800000003073364,1.0,1,True,7,0.0
300,Dijk-Bi,BR-06,8,3,9,3,7.0,15.0,0.03670000296551734,1.0006658361469858,1,True,5,0.0006658361469857876
301,Dijk-Bi,BR-06,9,3,9,4,5.0,12.0,0.032800002372823656,1.0000000977999266,1,True,14,9.779992660163828e-08
302,Dijk-Bi,BR-06,9,4,9,5,1.0,2.0,0.006300004315562546,inf,0,False,7,0.0
303,Dijk-Bi,BR-06,9,4,9,5,169.0,33.0,0.4898000042885542,22.934421138588434,1,True,11,21.934421138588434
304,Dijk-Bi,BR-06,9,5,9,6,855.0,117.0,1.865199999883771,330.1930068329576,1,True,16,329.1930068329576
305,Dijk-Bi,BR-06,9,6,9,7,6.0,11.0,0.03640000068116933,1.0000000000000393,1,True,7,3.930189507173054e-14
306,Dijk-Bi,BR-06,9,7,10,7,6.0,10.0,0.027999994927085936,1.0186644691135598,1,True,9,0.01866446911355979
307,Dijk-Bi,BR-06,10,7,10,6,46.0,25.0,0.17289999959757552,13.559688447440598,1,True,10,12.559688447440598
308,Dijk-Bi,BR-06,10,6,10,5,6.0,12.0,0.03040000592591241,1.8159878350723362,1,True,9,0.8159878350723362
309,Dijk-Bi,BR-06,10,5,10,4,252.0,39.0,0.6324000059976242,23.873464911244113,1,True,7,22.873464911244113
310,Dijk-Bi,BR-06,10,4,10,3,6.0,12.0,0.03719999949680641,1.2686174734423052,1,True,8,0.26861747344230524
311,Dijk-Bi,BR-06,10,3,10,2,7.0,15.0,0.028599999495781958,1.0000190375544764,1,True,10,1.9037554476408758e-05
312,Dijk-Bi,BR-06,10,2,11,2,6.0,13.0,0.03609999839682132,1.0000062612318572,1,True,7,6.261231857207505e-06
313,Dijk-Bi,BR-06,11,2,11,1,437.0,55.0,0.9009999994304962,88.69726589596279,3,True,9,55.637998456698035
314,Dijk-Bi,BR-06,10,2,9,2,6.0,12.0,0.02769999991869554,1.0000121952144665,1,True,7,1.2195214466492743e-05
315,Dijk-Bi,BR-06,9,2,9,0,8.0,12.0,0.032199997804127634,2.0,2,True,8,0.0
316,Dijk-Bi,BR-06,9,1,9,0,429.0,60.0,0.9168999968096614,56.63799846912551,1,True,11,55.63799846912551
317,Dijk-Bi,BR-06,9,0,10,0,3.0,6.0,0.015400000847876072,1.000072591262541,1,True,7,7.259126254099968e-05
318,Dijk-Bi,BR-06,10,0,11,0,5.0,8.0,0.029100003303028643,1.335462627902512,1,True,7,0.3354626279025119
319,Dijk-Bi,BR-06,11,0,12,0,4.0,7.0,0.023799999326001853,1.00958283681576,1,True,8,0.009582836815759999
320,Dijk-Bi,BR-06,12,0,12,1,4.0,8.0,0.020200001017656177,1.0000025740694192,1,True,9,2.574069419170044e-06
321,Dijk-Bi,BR-06,12,1,13,1,1.0,2.0,0.007099995855242014,inf,0,False,5,0.0
322,Dijk-Bi,BR-06,12,1,13,1,10.0,13.0,0.03850000211969018,290.5194364279794,3,True,15,172.10890225929555
323,Dijk-Bi,BR-06,12,0,13,0,4.0,6.0,0.021699997887481004,1.00001523166167,1,True,13,1.5231661669945495e-05
324,Dijk-Bi,BR-06,13,0,13,1,4.0,7.0,0.03409999771974981,1.0025259612139394,1,True,7,0.0025259612139394427
325,Dijk-Bi,BR-06,13,1,14,1,5.0,8.0,0.042599996959324926,1.5231953970456775,1,True,7,0.5231953970456775
326,Dijk-Bi,BR-06,14,1,14,2,1289.0,98.0,3.223300001991447,331.78231509136214,1,True,5,330.78231509136214
327,Dijk-Bi,BR-06,14,2,13,2,6.0,11.0,0.03190000279573724,1.000006261232566,1,True,10,6.261232565973884e-06
328,Dijk-Bi,BR-06,13,2,13,3,2.0,3.0,0.01170000177808106,inf,0,False,12,0.0
329,Dijk-Bi,BR-06,13,2,13,3,35.0,19.0,0.08800000068731606,13.28944238525642,1,True,12,12.28944238525642
330,Dijk-Bi,BR-06,13,3,12,2,6.0,12.0,0.036799996451009065,2.0002859286379167,2,True,4,0.000273733423489686
331,Dijk-Bi,BR-06,13,2,12,2,5.0,12.0,0.02390000008745119,1.1110977809241054,1,True,5,0.11109778092410538
332,Dijk-Bi,BR-06,12,2,11,1,5.0,10.0,0.03760000254260376,2.000184696494351,2,True,7,0.00011253603822325431
333,Dijk-Bi,BR-06,12,1,11,1,1.0,2.0,0.005000001692678779,inf,0,False,7,0.0
334,Dijk-Bi,BR-06,12,1,11,1,5.0,10.0,0.035400000342633575,4.865926400704666,1,True,11,3.865926400704666
335,Dijk-Bi,BR-06,11,1,12,5,23.0,16.0,0.07439999899361283,9.903623001203579,5,True,8,3.880865477997589
336,Dijk-Bi,BR-06,12,1,12,5,17.0,20.0,0.07080000068526715,4.000000524274615,4,True,5,2.2336314353665898e-07
337,Dijk-Bi,BR-06,12,2,12,5,21.0,16.0,0.062200000684242696,8.20810953286745,3,True,9,3.0955868523652406
338,Dijk-Bi,BR-06,12,3,12,5,8.0,14.0,0.03309999738121405,2.0154784984318868,2,True,9,0.014945338524781526
339,Dijk-Bi,BR-06,12,4,12,5,5.0,11.0,0.029400005587376654,1.0000004350519984,1,True,8,4.3505199842641673e-07
340,Dijk-Bi,BR-06,12,5,13,6,7.0,13.0,0.027800000680144876,2.0000210810966017,2,True,9,1.9019942979037197e-05
341,Dijk-Bi,BR-06,13,5,13,6,5.0,11.0,0.023299995518755168,1.1379128096208213,1,True,7,0.1379128096208213
342,Dijk-Bi,BR-06,13,6,15,5,12.0,19.0,0.0408000050811097,3.1428508325471936,3,True,6,0.11046315993452605
343,Dijk-Bi,BR-06,13,5,15,5,8.0,15.0,0.029299997549969703,2.1253856056894564,2,True,11,0.11043400593110375
344,Dijk-Bi,BR-06,14,5,15,5,11.0,14.0,0.04020000051241368,8.941423055805066,3,True,14,4.036706187838421
345,Dijk-Bi,BR-06,14,4,15,4,7.0,15.0,0.02920000406447798,1.2686174734423443,1,True,7,0.2686174734423443
346,Dijk-Bi,BR-06,15,4,15,5,1.0,2.0,0.012099997547920793,inf,0,False,12,0.0
347,Dijk-Bi,BR-06,15,4,15,5,5.0,11.0,0.025800000003073364,1.0,1,True,9,0.0
348,Dijk-Bi,BR-06,15,5,16,4,7.0,15.0,0.02849999873433262,2.0027997194924057,2,True,5,0.0025259736414375844
349,Dijk-Bi,BR-06,15,4,16,4,7.0,15.0,0.03029999788850546,1.0025259612139392,1,True,13,0.0025259612139392207
350,Dijk-Bi,BR-06,16,4,16,3,6.0,11.0,0.024000000848900527,136.33546792713443,1,True,9,135.33546792713443
351,Dijk-Bi,BR-06,16,3,17,3,6.0,11.0,0.0261999957729131,1.0,1,True,3,0.0
352,Dijk-Bi,BR-06,17,3,17,2,7.0,13.0,0.02769999991869554,1.1379128093365618,1,True,6,0.1379128093365618
353,Dijk-Bi,BR-06,17,2,17,1,1.0,2.0,0.007999995432328433,inf,0,False,15,0.0
354,Dijk-Bi,BR-06,17,2,17,1,2.0,3.0,0.012499993317760527,inf,0,False,13,0.0
355,Dijk-Bi,BR-06,17,2,17,1,6.0,10.0,0.024900000425986946,1.0000083287659598,1,True,11,8.32876595979748e-06
356,Dijk-Bi,BR-06,17,1,15,0,8.0,9.0,0.027000001864507794,3.000089975605917,3,True,8,7.215702891483211e-05
357,Dijk-Bi,BR-06,17,0,15,0,4.0,5.0,0.017799997294787318,2.008234540050923,2,True,15,0.007679888932215606
358,Dijk-Bi,BR-06,16,0,15,0,3.0,4.0,0.01340000017080456,1.0,1,True,3,0.0
359,Dijk-Bi,BR-06,15,0,18,5,44.0,26.0,0.15699999494245276,8.000000006482917,8,True,12,6.380480144230205e-09
360,Dijk-Bi,BR-06,16,0,18,5,37.0,24.0,0.1131999961216934,7.0,7,True,12,0.0
361,Dijk-Bi,BR-06,16,1,18,5,38.0,26.0,0.11270000686636195,8.159709343319587,8,True,6,0.13791280933827577
362,Dijk-Bi,BR-06,17,1,18,5,236.0,55.0,0.6161000055726618,57.81675150042872,7,True,10,31.661087636915852
363,Dijk-Bi,BR-06,16,1,18,5,1349.0,104.0,3.6521000001812354,1278.4753053009645,26,True,5,329.1936536440526
364,Dijk-Bi,BR-06,16,0,18,5,92.0,25.0,0.22329999774228781,189.11146500169784,15,True,7,135.87342397218316
365,Dijk-Bi,BR-06,17,0,18,5,26.0,17.0,0.08410000009462237,6.0,6,True,9,2.220446049250313e-16
366,Dijk-Bi,BR-06,17,1,18,5,48.0,29.0,0.15600000187987462,22.362656054038023,5,True,11,4.2013827673753195
367,Dijk-Bi,BR-06,17,2,18,5,1050.0,123.0,2.950100002635736,650.4912564909611,14,True,14,329.1929878079056
368,Dijk-Bi,BR-06,17,1,18,5,30.0,18.0,0.07919999916339293,5.000000181405831,5,True,9,1.7885522352045768e-07
369,Dijk-Bi,BR-06,17,2,18,5,20.0,20.0,0.056899996707215905,4.0000000010160255,4,True,7,4.433378109069963e-10
370,Dijk-Bi,BR-06,17,3,18,5,2.0,4.0,0.013900003978051245,inf,0,False,10,0.0
371,Dijk-Bi,BR-06,17,3,18,5,1127.0,130.0,2.5049999967450276,156.0932042410662,7,True,9,108.41342315165835
372,Dijk-Bi,BR-06,17,2,18,5,19.0,19.0,0.05959999543847516,4.0,4,True,2,0.0
373,Dijk-Bi,BR-06,17,3,18,5,15.0,19.0,0.05400000372901559,3.0000126419407143,3,True,9,1.2195214427190848e-05
374,Dijk-Bi,BR-06,17,4,18,5,6.0,11.0,0.03550000110408291,2.0,2,True,9,2.220446049250313e-16
375,Dijk-Bi,BR-06,18,4,18,5,295.0,65.0,1.109500000893604,56.63799862620522,1,True,8,55.63799862620522
376,Dijk-Bi,BR-06,18,5,19,5,6.0,11.0,0.025300003471784294,1.5231953970460395,1,True,6,0.5231953970460395
377,Dijk-Bi,BR-06,19,5,19,6,12.0,14.0,0.03789999755099416,331.2396523357047,1,True,6,330.2396523357047
378,Dijk-Bi,BR-06,19,6,20,6,4.0,9.0,0.018500002624932677,4.866453299379913,1,True,5,3.866453299379913
379,Dijk-Bi,BR-06,20,6,20,7,1.0,2.0,0.007799993909429759,inf,0,False,11,0.0
380,Dijk-Bi,BR-06,20,6,20,7,57.0,25.0,0.1477999976486899,27.739385050786645,1,True,6,26.739385050786645
381,Dijk-Bi,BR-06,20,7,21,7,4.0,9.0,0.030099996365606785,1.2686200475117144,1,True,14,0.2686200475117144
382,Dijk-Bi,BR-06,21,7,21,6,6.0,11.0,0.03079999441979453,1.5238007122998216,1,True,9,0.5238007122998216
383,Dijk-Bi,BR-06,21,6,22,6,6.0,11.0,0.04839999746764079,1.0,1,True,7,0.0
384,Dijk-Bi,BR-06,22,6,24,6,10.0,9.0,0.03500000457279384,1190.1017177769572,4,True,14,357.75848859246605
385,Dijk-Bi,BR-06,22,7,24,6,10.0,13.0,0.03590000414988026,3.0000751644684076,3,True,5,7.215534703863824e-05
386,Dijk-Bi,BR-06,23,7,24,6,12.0,13.0,0.03579999611247331,24.184696565906926,2,True,10,18.318237005295156
387,Dijk-Bi,BR-06,24,7,24,6,4.0,6.0,0.023200002033263445,1.0005331615889819,1,True,8,0.0005331615889818675
388,Dijk-Bi,BR-06,24,6,24,9,7.0,8.0,0.028700000257231295,3.000000000008736,3,True,12,5.21072074377571e-12
389,Dijk-Bi,BR-06,24,7,24,9,4.0,6.0,0.01569999585626647,2.4065302827792783,2,True,8,0.2686174734423543
390,Dijk-Bi,BR-06,24,8,24,9,1242.0,115.0,3.290799999376759,136.33528323661272,1,True,6,135.33528323661272
391,Dijk-Bi,BR-06,24,9,24,11,10.0,12.0,0.04739999712910503,4.0,4,True,10,0.0
392,Dijk-Bi,BR-06,23,9,23,11,10.0,12.0,0.03440000000409782,59.13209834887446,2,True,11,28.56604917443723
393,Dijk-Bi,BR-06,23,10,23,11,70.0,20.0,0.15299999358830974,23.87346748530828,1,True,8,22.87346748530828
394,Dijk-Bi,BR-06,23,11,24,11,4.0,7.0,0.020899999071843922,1.0000000918273335,1,True,10,9.182733351487116e-08
395,Dijk-Bi,BR-06,24,11,24,12,5.0,6.0,0.022100000933278352,1.0005331599071055,1,True,9,0.0005331599071054516
396,Dijk-Bi,BR-06,24,12,23,12,1.0,2.0,0.008300004992634058,inf,0,False,11,0.0
397,Dijk-Bi,BR-06,24,12,23,12,65.0,23.0,0.1480999999330379,56.6379982795264,1,True,7,55.6379982795264
398,Dijk-Bi,BR-06,23,12,22,12,5.0,9.0,0.02179999864893034,1.0000001788552628,1,True,7,1.7885526282235276e-07
399,Dijk-Bi,BR-06,22,12,22,13,6.0,12.0,0.02720000338740647,1.0076733715137243,1,True,16,0.00767337151372427
400,Dijk-Bi,BR-06,22,13,22,14,169.0,55.0,0.38830000266898423,56.63801976906708,1,True,13,55.63801976906708
1,Dijk-Dial,BR-06,0,0,0,1,3.0,3.0,0.040400002035312355,1.0,1,True,8,0.0
2,Dijk-Dial,BR-06,0,1,0,2,3.0,3.0,0.9903999962261878,109.63664069533816,1,True,6,108.63664069533816
3,Dijk-Dial,BR-06,0,2,0,3,1.0,1.0,4922.774700004084,inf,0,False,8,0.0
4,Dijk-Dial,BR-06,0,2,0,3,3.0,3.0,0.025200002710334957,1.0,1,True,7,0.0
5,Dijk-Dial,BR-06,0,3,0,4,4.0,4.0,0.030000002880115062,1.0000152299797447,1,True,9,1.5229979744679767e-05
6,Dijk-Dial,BR-06,0,4,0,5,4.0,5.0,0.02630000381032005,1.000000000005213,1,True,13,5.21294118982496e-12
7,Dijk-Dial,BR-06,0,5,0,6,4.0,4.0,0.03310000465717167,1.0,1,True,6,0.0
8,Dijk-Dial,BR-06,0,6,0,7,3.0,3.0,0.02300000051036477,1.0,1,True,8,0.0
9,Dijk-Dial,BR-06,0,7,0,8,4.0,4.0,0.025000001187436283,1.000090334930023,1,True,10,9.033493002297277e-05
10,Dijk-Dial,BR-06,0,8,0,9,4.0,5.0,0.03749999450519681,1.0,1,True,12,0.0
11,Dijk-Dial,BR-06,0,9,0,10,4.0,5.0,0.028500006010290235,1.000000005109089,1,True,3,5.1090889297000786e-09
12,Dijk-Dial,BR-06,0,10,0,11,4.0,5.0,0.032199997804127634,1.0,1,True,8,0.0
13,Dijk-Dial,BR-06,0,11,0,12,2.0,3.0,0.7452999998349696,109.37569641498754,1,True,13,108.37569641498754
14,Dijk-Dial,BR-06,0,12,0,13,4.0,5.0,0.02909999602707103,1.0,1,True,6,0.0
15,Dijk-Dial,BR-06,0,13,0,14,4.0,5.0,0.03640000068116933,1.000015288857679,1,True,10,1.528885767898558e-05
16,Dijk-Dial,BR-06,0,14,1,14,3.0,3.0,0.021699997887481004,1.0,1,True,6,0.0
17,Dijk-Dial,BR-06,1,14,1,15,3.0,2.0,2.5107000037678517,330.1929878142861,1,True,9,329.1929878142861
18,Dijk-Dial,BR-06,1,15,1,16,2.0,1.0,2.4029999985941686,330.1929878079056,1,True,9,329.1929878079056
19,Dijk-Dial,BR-06,1,16,1,17,5.0,6.0,0.048300003982149065,1.0149479125941516,1,True,6,0.014947912594151624
20,Dijk-Dial,BR-06,1,17,2,17,5.0,7.0,0.03989999822806567,1.00833902965885,1,True,10,0.008339029658849917
21,Dijk-Dial,BR-06,2,17,3,17,197.0,43.0,1.0005999938584864,56.645671470495344,1,True,13,55.645671470495344
22,Dijk-Dial,BR-06,3,17,3,18,4.0,6.0,0.029299997549969703,1.0005331599071055,1,True,4,0.0005331599071054516
23,Dijk-Dial,BR-06,3,18,3,19,5.0,8.0,0.029999995604157448,1.0,1,True,3,0.0
24,Dijk-Dial,BR-06,3,19,2,19,4.0,6.0,0.03360000118846074,1.3358489016098098,1,True,12,0.33584890160980985
25,Dijk-Dial,BR-06,2,19,2,20,3.0,6.0,0.026399997295811772,1.0149479125941718,1,True,11,0.01494791259417183
26,Dijk-Dial,BR-06,2,20,1,20,2.0,3.0,0.018500002624932677,1.0000000000000393,1,True,9,3.930189507173054e-14
27,Dijk-Dial,BR-06,1,20,0,20,2.0,4.0,0.15449999773409218,19.852873835618787,1,True,14,18.852873835618787
28,Dijk-Dial,BR-06,0,20,0,19,2.0,3.0,1.204599997436162,170.0136016619533,1,True,17,169.0136016619533
29,Dijk-Dial,BR-06,0,19,0,18,2.0,3.0,0.04249999619787559,1.0,1,True,7,0.0
30,Dijk-Dial,BR-06,0,18,0,17,2.0,3.0,0.15390000044135377,19.315638918963092,1,True,5,18.315638918963092
31,Dijk-Dial,BR-06,0,17,0,16,2.0,3.0,0.022499996703118086,1.0,1,True,8,0.0
32,Dijk-Dial,BR-06,0,16,2,16,5.0,5.0,0.039500002458225936,2.0000274251941716,2,True,11,1.5229979744679767e-05
33,Dijk-Dial,BR-06,1,16,2,16,4.0,5.0,0.031199997465591878,1.0000000063804801,1,True,10,6.380480144230205e-09
34,Dijk-Dial,BR-06,2,16,2,15,3.0,6.0,1.0933999947155826,109.41342315166006,1,True,8,108.41342315166006
35,Dijk-Dial,BR-06,2,15,2,14,3.0,4.0,0.02680000034160912,1.0000000021004094,1,True,4,2.100409401961656e-09
36,Dijk-Dial,BR-06,2,14,2,13,3.0,6.0,0.03860000288113952,1.000072248037876,1,True,8,7.224803787608813e-05
37,Dijk-Dial,BR-06,2,13,2,12,3.0,6.0,0.025499997718725353,1.0000000000001488,1,True,7,1.4876988529977098e-13
38,Dijk-Dial,BR-06,2,12,2,11,406.0,56.0,1.4086999944993295,29.565516016630532,1,True,10,28.565516016630532
39,Dijk-Dial,BR-06,2,11,2,10,3.0,6.0,0.024299995857290924,1.0,1,True,5,0.0
40,Dijk-Dial,BR-06,2,10,2,9,3.0,6.0,0.025499997718725353,1.000000000000049,1,True,5,4.907185768843192e-14
41,Dijk-Dial,BR-06,2,9,2,8,3.0,6.0,0.029999995604157448,1.1379190705736255,1,True,13,0.1379190705736255
42,Dijk-Dial,BR-06,2,8,2,7,3.0,5.0,0.052600000344682485,4.880865478281887,1,True,14,3.880865478281887
43,Dijk-Dial,BR-06,2,7,2,6,3.0,5.0,0.023799999326001853,1.0000000588778855,1,True,6,5.8877885455999035e-08
44,Dijk-Dial,BR-06,2,6,2,5,2.0,2.0,0.02040000254055485,1.0,1,True,10,0.0
45,Dijk-Dial,BR-06,2,5,3,5,4.0,6.0,0.02939999831141904,1.0000000000101408,1,True,8,1.014077710692618e-11
46,Dijk-Dial,BR-06,3,5,4,5,4.0,6.0,0.03500000457279384,1.000000000001714,1,True,6,1.7139623054163167e-12
47,Dijk-Dial,BR-06,4,5,4,4,1.0,1.0,4910.123699999531,inf,0,False,13,0.0
48,Dijk-Dial,BR-06,4,5,4,4,3.0,5.0,0.023800006601959467,1.0,1,True,3,0.0
49,Dijk-Dial,BR-06,4,4,4,3,3.0,6.0,0.418399999034591,56.638017297785844,1,True,9,55.638017297785844
50,Dijk-Dial,BR-06,4,3,4,2,2.0,4.0,0.027800000680144876,1.8159878350721483,1,True,7,0.8159878350721483
51,Dijk-Dial,BR-06,4,2,4,1,3.0,6.0,0.025300003471784294,1.0000000588778855,1,True,13,5.8877885455999035e-08
52,Dijk-Dial,BR-06,4,1,4,0,3.0,6.0,0.025200002710334957,1.0000000021004485,1,True,10,2.1004484818121227e-09
53,Dijk-Dial,BR-06,4,0,5,0,3.0,4.0,0.022899999748915434,1.0,1,True,12,0.0
54,Dijk-Dial,BR-06,5,0,6,0,3.0,4.0,0.025899993488565087,1.000000000012664,1,True,10,1.2664091997294236e-11
55,Dijk-Dial,BR-06,6,0,7,0,3.0,4.0,0.02220000169472769,1.0000062612318572,1,True,13,6.261231857207505e-06
56,Dijk-Dial,BR-06,7,0,8,0,1.0,1.0,4874.516000003496,inf,0,False,12,0.0
57,Dijk-Dial,BR-06,7,0,8,0,2.0,3.0,0.02510000194888562,1.5231953970456775,1,True,8,0.5231953970456775
58,Dijk-Dial,BR-06,8,0,8,1,4.0,5.0,0.03399999695830047,1.0005331599071055,1,True,5,0.0005331599071054516
59,Dijk-Dial,BR-06,8,1,9,1,6.0,6.0,0.10699999984353781,4.976352091042607,1,True,14,3.9763520910426067
60,Dijk-Dial,BR-06,9,1,10,1,4.0,6.0,0.027400004910305142,1.000533251734439,1,True,5,0.0005332517344389665
61,Dijk-Dial,BR-06,10,1,10,0,3.0,6.0,0.032800002372823656,1.5231953970456977,1,True,8,0.5231953970456977
62,Dijk-Dial,BR-06,10,0,11,0,3.0,4.0,0.027099995349999517,1.0000000000101408,1,True,4,1.014077710692618e-11
63,Dijk-Dial,BR-06,11,0,12,0,3.0,4.0,0.022799998987466097,1.0,1,True,6,0.0
64,Dijk-Dial,BR-06,12,0,12,1,39.0,14.0,0.2266000010422431,12.74362845702136,1,True,6,11.74362845702136
65,Dijk-Dial,BR-06,12,1,13,1,3.0,5.0,0.02340000355616212,1.0012968728770124,1,True,9,0.0012968728770124116
66,Dijk-Dial,BR-06,13,1,14,1,1397.0,103.0,5201.259800000116,inf,0,False,7,0.0
67,Dijk-Dial,BR-06,13,1,14,1,4.0,6.0,0.02710000262595713,1.0005331607706163,1,True,5,0.00053316077061627
68,Dijk-Dial,BR-06,14,1,14,2,3.0,4.0,0.027000001864507794,1.0,1,True,9,0.0
69,Dijk-Dial,BR-06,14,2,15,2,5.0,6.0,0.050199996621813625,1.0083390287953458,1,True,11,0.00833902879534576
70,Dijk-Dial,BR-06,15,2,15,3,4.0,7.0,0.02769999991869554,1.0000000000041689,1,True,4,4.168887457467463e-12
71,Dijk-Dial,BR-06,15,3,14,3,2.0,4.0,0.01889999839477241,1.0000000000000042,1,True,6,4.218847493575595e-15
72,Dijk-Dial,BR-06,14,3,14,4,3.0,6.0,0.029199996788520366,1.0454900408862617,1,True,12,0.04549004088626174
73,Dijk-Dial,BR-06,14,4,15,4,4.0,7.0,0.02939999831141904,1.01494534391813,1,True,8,0.01494534391812996
74,Dijk-Dial,BR-06,15,4,15,5,5.0,9.0,0.049700000090524554,1.268617473442305,1,True,6,0.268617473442305
75,Dijk-Dial,BR-06,15,5,14,5,477.0,64.0,1.9370000009075738,56.74843022772902,1,True,10,55.74843022772902
76,Dijk-Dial,BR-06,14,5,14,6,4.0,7.0,0.24850000045262277,31.154918179130448,1,True,11,30.154918179130448
77,Dijk-Dial,BR-06,14,6,15,6,2.0,4.0,0.020799998310394585,1.1104319498862085,1,True,9,0.11043194988620852
78,Dijk-Dial,BR-06,15,6,16,6,3.0,6.0,0.10949999705189839,12.758589025525886,1,True,13,11.758589025525886
79,Dijk-Dial,BR-06,16,6,16,7,5.0,8.0,0.036299999919719994,1.019211936304759,1,True,11,0.019211936304758925
80,Dijk-Dial,BR-06,16,7,17,7,4.0,7.0,0.029100003303028643,1.045399929762847,1,True,9,0.0453999297628469
81,Dijk-Dial,BR-06,17,7,18,7,4.0,8.0,0.03060000017285347,1.0076731926483602,1,True,10,0.007673192648360194
82,Dijk-Dial,BR-06,18,7,18,6,2.0,3.0,0.10520000068936497,12.743700704195732,1,True,10,11.743700704195732
83,Dijk-Dial,BR-06,18,6,17,6,1310.0,148.0,5468.320399995719,inf,0,False,15,0.0
84,Dijk-Dial,BR-06,18,6,17,6,2.0,4.0,0.029199996788520366,1.0000000063804801,1,True,9,6.380480144230205e-09
85,Dijk-Dial,BR-06,17,6,17,5,3.0,6.0,0.027399997634347528,1.0,1,True,5,0.0
86,Dijk-Dial,BR-06,17,5,17,4,3.0,6.0,0.02819999644998461,1.0000000008635042,1,True,7,8.63504157067041e-10
87,Dijk-Dial,BR-06,17,4,18,4,4.0,6.0,0.027199996111448854,1.0,1,True,7,0.0
88,Dijk-Dial,BR-06,18,4,19,4,3.0,5.0,0.0259000007645227,1.0002737334235388,1,True,7,0.00027373342353875785
89,Dijk-Dial,BR-06,19,4,19,3,1.0,1.0,4856.581399995775,inf,0,False,6,0.0
90,Dijk-Dial,BR-06,19,4,19,3,5.0,7.0,2.580200001830235,353.0664527191445,1,True,8,352.0664527191445
91,Dijk-Dial,BR-06,19,3,19,2,2.0,3.0,0.021400002879090607,1.0012968717292487,1,True,7,0.0012968717292487497
92,Dijk-Dial,BR-06,19,2,18,2,2.0,4.0,0.02769999991869554,1.00000000000812,1,True,5,8.11994915750347e-12
93,Dijk-Dial,BR-06,18,2,18,1,3.0,5.0,0.02370000584051013,1.0,1,True,5,0.0
94,Dijk-Dial,BR-06,18,1,18,0,3.0,6.0,0.026699999580159783,1.000000005109089,1,True,9,5.1090889297000786e-09
95,Dijk-Dial,BR-06,18,0,19,0,2.0,1.0,2.2409000011975877,330.1929878079056,1,True,4,329.1929878079056
96,Dijk-Dial,BR-06,19,0,20,0,2.0,3.0,0.8256000000983477,109.90618297740964,1,True,10,108.90618297740964
97,Dijk-Dial,BR-06,20,0,21,0,3.0,4.0,0.03079999441979453,1.0000000000003617,1,True,12,3.61710661422876e-13
98,Dijk-Dial,BR-06,21,0,21,1,4.0,5.0,0.07139999797800556,1.0000000017396724,1,True,9,1.7396724061313762e-09
99,Dijk-Dial,BR-06,21,1,22,1,4.0,5.0,0.03459999425103888,1.0000000063804801,1,True,6,6.380480144230205e-09
100,Dijk-Dial,BR-06,22,1,23,1,4.0,5.0,0.04099999932805076,1.0000000000000202,1,True,6,2.020605904817785e-14
101,Dijk-Dial,BR-06,23,1,23,0,3.0,6.0,0.027099995349999517,1.0,1,True,8,0.0
102,Dijk-Dial,BR-06,23,0,24,0,2.0,3.0,0.02239999594166875,1.0095826579605365,1,True,8,0.009582657960536478
103,Dijk-Dial,BR-06,24,0,24,1,1.0,1.0,4961.288300000888,inf,0,False,8,0.0
104,Dijk-Dial,BR-06,24,0,24,1,1.0,1.0,4861.816999997245,inf,0,False,6,0.0
105,Dijk-Dial,BR-06,24,0,24,1,3.0,3.0,0.02510000194888562,1.014945338534922,1,True,11,0.014945338534922081
106,Dijk-Dial,BR-06,24,1,24,2,4.0,5.0,0.025500004994682968,1.0000000000000393,1,True,13,3.930189507173054e-14
107,Dijk-Dial,BR-06,24,2,23,2,2.0,3.0,0.019500002963468432,1.00000000000812,1,True,9,8.11994915750347e-12
108,Dijk-Dial,BR-06,23,2,23,3,5.0,6.0,0.034199998481199145,1.0000000080623563,1,True,12,8.06235633810104e-09
109,Dijk-Dial,BR-06,23,3,23,4,4.0,7.0,0.03149999974993989,1.604080101344817,1,True,5,0.6040801013448169
110,Dijk-Dial,BR-06,23,4,24,4,4.0,7.0,0.03290000313427299,1.0,1,True,8,0.0
111,Dijk-Dial,BR-06,24,4,24,3,3.0,4.0,0.22560000070370734,29.56802683759165,1,True,14,28.56802683759165
112,Dijk-Dial,BR-06,24,3,24,5,10.0,6.0,2.146899998479057,272.6705664732254,2,True,7,135.3352832366127
113,Dijk-Dial,BR-06,24,4,24,5,4.0,5.0,0.025200002710334957,1.0095826579605365,1,True,4,0.009582657960536478
114,Dijk-Dial,BR-06,24,5,23,5,3.0,4.0,0.02469999890308827,1.0076731926483602,1,True,11,0.007673192648360194
115,Dijk-Dial,BR-06,23,5,22,5,2.0,3.0,0.026699999580159783,1.0,1,True,9,0.0
116,Dijk-Dial,BR-06,22,5,21,5,6.0,8.0,0.04959999932907522,2.58932728345657,1,True,11,1.5893272834565702
117,Dijk-Dial,BR-06,21,5,20,5,2.0,4.0,0.02099999983329326,1.0000001788555852,1,True,9,1.788555852311191e-07
118,Dijk-Dial,BR-06,20,5,20,4,3.0,6.0,0.039500002458225936,1.0,1,True,12,0.0
119,Dijk-Dial,BR-06,20,4,21,4,4.0,7.0,0.03149999974993989,1.0000000302289143,1,True,10,3.022891426063268e-08
120,Dijk-Dial,BR-06,21,4,21,3,2.0,4.0,0.02479999966453761,1.293145469927623,1,True,15,0.293145469927623
121,Dijk-Dial,BR-06,21,3,22,3,2.0,3.0,1.1640000011539087,109.3680232218959,1,True,8,108.3680232218959
122,Dijk-Dial,BR-06,22,3,22,2,1328.0,90.0,5498.158200003672,inf,0,False,12,0.0
123,Dijk-Dial,BR-06,22,3,22,2,1.0,1.0,4795.915199996671,inf,0,False,8,0.0
124,Dijk-Dial,BR-06,22,3,22,2,3.0,5.0,1.1930999971809797,170.0133154069313,1,True,10,169.0133154069313
125,Dijk-Dial,BR-06,22,2,22,0,4.0,6.0,0.20460000087041408,24.182758024261076,2,True,8,18.316172048641285
126,Dijk-Dial,BR-06,22,1,22,0,2.0,4.0,0.0202999945031479,1.001296884156727,1,True,8,0.0012968841567269074
127,Dijk-Dial,BR-06,22,0,20,1,11.0,6.0,0.0638999990769662,3.0,3,True,11,2.220446049250313e-16
128,Dijk-Dial,BR-06,21,0,20,1,1331.0,122.0,7.6872999998158775,439.56101103704543,2,True,7,329.1929878142861
129,Dijk-Dial,BR-06,20,0,20,1,4.0,5.0,0.0284000052488409,1.0154786772871105,1,True,12,0.015478677287110498
130,Dijk-Dial,BR-06,20,1,19,1,10.0,7.0,0.09809999755816534,4.8659201394728075,1,True,6,3.8659201394728075
131,Dijk-Dial,BR-06,19,1,20,2,11.0,9.0,0.055199998314492404,2.0,2,True,5,0.0
132,Dijk-Dial,BR-06,20,1,20,2,5.0,6.0,0.03560000186553225,1.268617473442305,1,True,9,0.268617473442305
133,Dijk-Dial,BR-06,20,2,20,3,4.0,6.0,0.059300000430084765,1.0,1,True,7,0.0
134,Dijk-Dial,BR-06,20,3,22,4,20.0,14.0,0.0883999964571558,3.0,3,True,5,0.0
135,Dijk-Dial,BR-06,21,3,22,4,5.0,8.0,0.14240000018617138,16.124768610965873,2,True,7,12.012245930463665
136,Dijk-Dial,BR-06,22,3,22,4,5.0,7.0,0.061599996115546674,1.045400153135769,1,True,9,0.04540015313576906
137,Dijk-Dial,BR-06,22,4,22,6,13.0,10.0,0.057199998991563916,2.000279998437634,2,True,10,0.00027373510536743417
138,Dijk-Dial,BR-06,22,5,22,6,3.0,6.0,0.7661999989068136,109.36802322189585,1,True,6,108.36802322189585
139,Dijk-Dial,BR-06,22,6,22,7,4.0,6.0,0.030700000934302807,1.0012973067812472,1,True,12,0.0012973067812471761
140,Dijk-Dial,BR-06,22,7,22,8,5.0,7.0,0.031200004741549492,1.0,1,True,8,0.0
141,Dijk-Dial,BR-06,22,8,21,8,2.0,4.0,0.03480000304989517,2.589327283457239,1,True,13,1.589327283457239
142,Dijk-Dial,BR-06,21,8,20,8,2.0,4.0,0.019899998733308166,1.0000000063804804,1,True,11,6.38048036627481e-09
143,Dijk-Dial,BR-06,20,8,20,7,5.0,7.0,0.2145000034943223,25.600705004032,1,True,10,24.600705004032
144,Dijk-Dial,BR-06,20,7,21,7,2.0,3.0,0.021100000594742596,1.1290964138906436,1,True,7,0.12909641389064364
145,Dijk-Dial,BR-06,21,7,21,6,3.0,5.0,0.026500005333218724,1.0,1,True,9,0.0
146,Dijk-Dial,BR-06,21,6,20,6,2.0,4.0,0.0259000007645227,1.3354628067580985,1,True,10,0.3354628067580985
147,Dijk-Dial,BR-06,20,6,19,6,3.0,6.0,0.5216999998083338,64.93843388359659,1,True,8,63.93843388359659
148,Dijk-Dial,BR-06,19,6,19,5,3.0,5.0,0.026400004571769387,1.0186796990932654,1,True,8,0.01867969909326539
149,Dijk-Dial,BR-06,19,5,18,5,2.0,4.0,0.021200001356191933,1.0025259612139392,1,True,6,0.0025259612139392207
150,Dijk-Dial,BR-06,18,5,16,5,6.0,7.0,0.041200000850949436,2.0,2,True,15,0.0
151,Dijk-Dial,BR-06,17,5,16,5,2.0,4.0,0.20369999401737005,23.876006104533005,1,True,10,22.876006104533005
152,Dijk-Dial,BR-06,16,5,16,4,3.0,6.0,0.05889999738428742,4.233499661701802,1,True,16,3.233499661701802
153,Dijk-Dial,BR-06,16,4,16,3,3.0,6.0,0.035099998058285564,1.8159878350721481,1,True,5,0.8159878350721481
154,Dijk-Dial,BR-06,16,3,16,2,3.0,6.0,0.03029999788850546,1.0000121952185963,1,True,8,1.219521859630035e-05
155,Dijk-Dial,BR-06,16,2,16,1,2.0,4.0,0.024300003133248538,1.0149453385247815,1,True,7,0.014945338524781526
156,Dijk-Dial,BR-06,16,1,16,0,2.0,3.0,0.020799998310394585,1.000000000001714,1,True,9,1.7139623054163167e-12
157,Dijk-Dial,BR-06,16,0,17,0,3.0,3.0,0.019999999494757503,1.0,1,True,8,0.0
158,Dijk-Dial,BR-06,17,0,17,1,4.0,5.0,0.02830000448739156,1.0000000000001488,1,True,9,1.4876988529977098e-13
159,Dijk-Dial,BR-06,17,1,17,2,3.0,6.0,0.19279999833088368,23.873464912102413,1,True,6,22.873464912102413
160,Dijk-Dial,BR-06,17,2,17,3,6.0,8.0,0.04939999780617654,2.6042726283617927,1,True,12,1.6042726283617927
161,Dijk-Dial,BR-06,17,3,13,3,42.0,18.0,0.45449999743141234,44.45552079548097,6,True,12,28.565500784550384
162,Dijk-Dial,BR-06,17,2,13,2,23.0,12.0,0.12879999849246815,4.000000000004321,4,True,8,4.168887457467463e-12
163,Dijk-Dial,BR-06,16,2,13,2,1.0,1.0,4823.261700003059,inf,0,False,11,0.0
164,Dijk-Dial,BR-06,16,2,13,2,13.0,10.0,0.06720000237692147,3.0,3,True,8,0.0
165,Dijk-Dial,BR-06,15,2,13,2,5.0,7.0,0.0368999972124584,2.0000000000081686,2,True,6,8.11994915750347e-12
166,Dijk-Dial,BR-06,14,2,13,2,2.0,4.0,0.022300002456177026,1.0000062612318585,1,True,9,6.261231858539773e-06
167,Dijk-Dial,BR-06,13,2,13,3,5.0,8.0,0.029799994081258774,1.0000002233631522,1,True,11,2.2336315219639857e-07
168,Dijk-Dial,BR-06,13,3,12,3,5.0,8.0,0.03090000245720148,1.0076736279898244,1,True,10,0.007673627989824405
169,Dijk-Dial,BR-06,12,3,11,3,5.0,8.0,0.03640000068116933,1.1104319447771196,1,True,12,0.1104319447771196
170,Dijk-Dial,BR-06,11,3,11,4,6.0,11.0,0.05439999949885532,2.59185324467047,1,True,8,1.59185324467047
171,Dijk-Dial,BR-06,11,4,12,4,5.0,8.0,0.03930000093532726,1.1379128093365654,1,True,15,0.13791280933656536
172,Dijk-Dial,BR-06,12,4,13,4,1376.0,94.0,5192.268600003445,inf,0,False,8,0.0
173,Dijk-Dial,BR-06,12,4,13,4,139.0,27.0,0.9169999975711107,23.873484023019362,1,True,10,22.873484023019362
174,Dijk-Dial,BR-06,13,4,13,5,3.0,6.0,0.029599999834317714,1.1379132443885602,1,True,7,0.13791324438856023
175,Dijk-Dial,BR-06,13,5,12,5,2.0,4.0,0.02160000440198928,1.0,1,True,7,0.0
176,Dijk-Dial,BR-06,12,5,11,5,2.0,3.0,0.15040000289445743,19.316446217116773,1,True,8,18.316446217116773
177,Dijk-Dial,BR-06,11,5,11,6,3.0,5.0,0.05419999797595665,4.976352084249927,1,True,5,3.9763520842499274
178,Dijk-Dial,BR-06,11,6,11,7,1.0,1.0,4802.3847000004025,inf,0,False,11,0.0
179,Dijk-Dial,BR-06,11,6,11,7,4.0,6.0,0.043300002289470285,1.000000223363145,1,True,7,2.2336314509097122e-07
180,Dijk-Dial,BR-06,11,7,12,7,906.0,91.0,3.8152000051923096,79.51146318908172,1,True,5,78.51146318908172
181,Dijk-Dial,BR-06,12,7,13,7,3.0,5.0,0.02710000262595713,1.0000000926908377,1,True,10,9.26908376719382e-08
182,Dijk-Dial,BR-06,13,7,14,7,2.0,4.0,0.41369999962626025,56.645671470491216,1,True,12,55.645671470491216
183,Dijk-Dial,BR-06,14,7,15,7,4.0,7.0,0.02680000034160912,1.0000062914608205,1,True,11,6.291460820539996e-06
184,Dijk-Dial,BR-06,15,7,15,8,5.0,8.0,0.03199999628122896,1.0000000000003662,1,True,6,3.6615155352137663e-13
185,Dijk-Dial,BR-06,15,8,16,8,5.0,8.0,0.037999998312443495,1.5231953970456775,1,True,3,0.5231953970456775
186,Dijk-Dial,BR-06,16,8,16,9,5.0,8.0,0.033299998904112726,1.0000901175040215,1,True,9,9.011750402154739e-05
187,Dijk-Dial,BR-06,16,9,17,9,3.0,6.0,0.02469999890308827,1.000273733423529,1,True,6,0.0002737334235289879
188,Dijk-Dial,BR-06,17,9,18,9,3.0,6.0,0.19189999875379726,23.873464970116792,1,True,9,22.873464970116792
189,Dijk-Dial,BR-06,18,9,18,8,3.0,6.0,0.0261999957729131,1.0000000000000393,1,True,13,3.930189507173054e-14
190,Dijk-Dial,BR-06,18,8,19,8,1106.0,106.0,4.730799999379087,170.01331540606608,1,True,9,169.01331540606608
191,Dijk-Dial,BR-06,19,8,19,9,3.0,5.0,0.028700000257231295,1.000552181531961,1,True,15,0.0005521815319609047
192,Dijk-Dial,BR-06,19,9,20,9,914.0,92.0,3.3829000021796674,109.3680232218959,1,True,10,108.3680232218959
193,Dijk-Dial,BR-06,20,9,20,10,5.0,7.0,0.0335000004270114,1.002526053041273,1,True,8,0.0025260530412729576
194,Dijk-Dial,BR-06,20,10,19,10,2.0,3.0,0.535300001502037,56.638000864339716,1,True,10,55.638000864339716
195,Dijk-Dial,BR-06,19,10,18,10,4.0,6.0,0.033200005418621004,1.5231953970456775,1,True,5,0.5231953970456775
196,Dijk-Dial,BR-06,18,10,18,11,3.0,6.0,0.19549999706214294,23.98390937847974,1,True,10,22.98390937847974
197,Dijk-Dial,BR-06,18,11,19,11,2.0,4.0,0.18249999993713573,23.873555022366617,1,True,6,22.873555022366617
198,Dijk-Dial,BR-06,19,11,20,11,3.0,6.0,0.030399998649954796,1.110434005930742,1,True,8,0.11043400593074204
199,Dijk-Dial,BR-06,20,11,21,11,3.0,3.0,2.2375999978976324,330.7161832050262,1,True,9,329.7161832050262
200,Dijk-Dial,BR-06,21,11,21,12,4.0,7.0,0.02769999991869554,1.0000000016818762,1,True,9,1.6818761938708349e-09
201,Dijk-Dial,BR-06,21,12,21,13,5.0,7.0,0.03899999865097925,1.0000122003235556,1,True,13,1.2200323555644488e-05
202,Dijk-Dial,BR-06,21,13,21,14,3.0,5.0,0.05320000491337851,4.8659201394728075,1,True,5,3.8659201394728075
203,Dijk-Dial,BR-06,21,14,21,15,5.0,9.0,0.05950000195298344,4.12547788712525,1,True,12,3.1254778871252498
204,Dijk-Dial,BR-06,21,15,20,15,4.0,7.0,0.031000003218650818,1.110504100124207,1,True,7,0.11050410012420708
205,Dijk-Dial,BR-06,20,15,20,14,3.0,6.0,0.02390000008745119,1.0000025740693703,1,True,7,2.574069370320231e-06
206,Dijk-Dial,BR-06,20,14,20,13,3.0,6.0,0.024000000848900527,1.0000190199481855,1,True,8,1.9019948185539093e-05
207,Dijk-Dial,BR-06,20,13,20,12,3.0,6.0,0.027499998395796865,1.0000001788552235,1,True,4,1.7885522352045768e-07
208,Dijk-Dial,BR-06,20,12,19,12,1.0,1.0,4841.787600002135,inf,0,False,9,0.0
209,Dijk-Dial,BR-06,20,12,19,12,2.0,4.0,0.02040000254055485,1.000533160770669,1,True,11,0.0005331607706688946
210,Dijk-Dial,BR-06,19,12,18,12,4.0,7.0,0.0320999970426783,1.0453999297624847,1,True,7,0.04539992976248475
211,Dijk-Dial,BR-06,18,12,17,12,1.0,1.0,4850.729300000239,inf,0,False,8,0.0
212,Dijk-Dial,BR-06,18,12,17,12,4.0,7.0,0.032999996619764715,1.0453999297624847,1,True,11,0.04539992976248475
213,Dijk-Dial,BR-06,17,12,17,11,3.0,6.0,0.038700003642588854,1.0000000918273826,1,True,9,9.182738258672885e-08
214,Dijk-Dial,BR-06,17,11,17,10,3.0,6.0,0.05509999755304307,4.9763520893590165,1,True,6,3.9763520893590165
215,Dijk-Dial,BR-06,17,10,16,10,851.0,95.0,3.505399996356573,109.368023445259,1,True,12,108.368023445259
216,Dijk-Dial,BR-06,16,10,16,11,5.0,8.0,0.03300000389572233,1.0076798023175546,1,True,15,0.007679802317554607
217,Dijk-Dial,BR-06,16,11,16,12,5.0,8.0,0.0335000004270114,1.0000000000041689,1,True,7,4.168887457467463e-12
218,Dijk-Dial,BR-06,16,12,16,13,9.0,11.0,0.058099998568650335,2.589327506819674,1,True,12,1.5893275068196742
219,Dijk-Dial,BR-06,16,13,16,14,3.0,5.0,0.4240000052959658,59.73359139144423,1,True,12,58.73359139144423
220,Dijk-Dial,BR-06,16,14,15,14,2.0,4.0,0.04640000406652689,4.8665859880474205,1,True,10,3.8665859880474205
221,Dijk-Dial,BR-06,15,14,14,14,2.0,3.0,0.021699997887481004,1.2689036254433659,1,True,11,0.2689036254433659
222,Dijk-Dial,BR-06,14,14,14,13,3.0,6.0,0.026699999580159783,1.0095826579605365,1,True,8,0.009582657960536478
223,Dijk-Dial,BR-06,14,13,13,13,2.0,3.0,0.032199997804127634,2.589346303399549,1,True,6,1.589346303399549
224,Dijk-Dial,BR-06,13,13,13,12,1.0,1.0,5029.397400001471,inf,0,False,15,0.0
225,Dijk-Dial,BR-06,13,13,13,12,2.0,4.0,0.05729999975301325,1.1110977809241054,1,True,8,0.11109778092410538
226,Dijk-Dial,BR-06,13,12,13,11,560.0,57.0,2.1421999990707263,31.154918179130448,1,True,10,30.154918179130448
227,Dijk-Dial,BR-06,13,11,14,11,4.0,7.0,0.0714999987394549,1.0000901132239508,1,True,4,9.011322395080512e-05
228,Dijk-Dial,BR-06,14,11,14,10,3.0,6.0,0.0377000033040531,1.0000062612318574,1,True,9,6.26123185742955e-06
229,Dijk-Dial,BR-06,14,10,14,9,4.0,7.0,0.03260000084992498,1.0187366248048177,1,True,6,0.018736624804817748
230,Dijk-Dial,BR-06,14,9,14,8,75.0,30.0,0.5003999976906925,12.74362845702136,1,True,8,11.74362845702136
231,Dijk-Dial,BR-06,14,8,13,8,15.0,12.0,0.10099999781232327,4.865923148878435,1,True,17,3.8659231488784354
232,Dijk-Dial,BR-06,13,8,12,8,2.0,4.0,0.03190000279573724,1.000000007244133,1,True,10,7.244133071182546e-09
233,Dijk-Dial,BR-06,12,8,11,8,2.0,4.0,0.022000000171829015,1.0454001531256285,1,True,5,0.045400153125628506
234,Dijk-Dial,BR-06,11,8,10,8,2.0,4.0,0.02390000008745119,1.000000223647403,1,True,8,2.2364740304148256e-07
235,Dijk-Dial,BR-06,10,8,10,7,212.0,47.0,0.683899997966364,19.315638888734178,1,True,2,18.315638888734178
236,Dijk-Dial,BR-06,10,7,9,7,2.0,4.0,0.4130000015720725,56.63799827784281,1,True,8,55.63799827784281
237,Dijk-Dial,BR-06,9,7,9,6,3.0,4.0,0.02680000034160912,1.0000000000007045,1,True,9,7.045475314271243e-13
238,Dijk-Dial,BR-06,9,6,9,5,2.0,4.0,0.41400000191060826,56.63807669442171,1,True,10,55.63807669442171
239,Dijk-Dial,BR-06,9,5,9,4,1263.0,84.0,4.632399999536574,170.01331540607623,1,True,6,169.01331540607623
240,Dijk-Dial,BR-06,9,4,9,3,781.0,69.0,3.441599998041056,56.63799827784281,1,True,7,55.63799827784281
241,Dijk-Dial,BR-06,9,3,10,3,1359.0,120.0,5332.990599999903,inf,0,False,9,0.0
242,Dijk-Dial,BR-06,9,3,10,3,4.0,7.0,0.02720000338740647,1.0000000000000002,1,True,7,2.220446049250313e-16
243,Dijk-Dial,BR-06,10,3,10,2,3.0,6.0,0.024100001610349864,1.0000000000000004,1,True,6,4.440892098500626e-16
244,Dijk-Dial,BR-06,10,2,11,2,143.0,21.0,0.6133999995654449,29.580446346438304,1,True,16,28.580446346438304
245,Dijk-Dial,BR-06,11,2,11,1,3.0,6.0,0.029900002118665725,1.0,1,True,10,0.0
246,Dijk-Dial,BR-06,11,1,12,2,11.0,9.0,0.06520000169984996,2.0000020913825365,2,True,5,2.061153622445744e-06
247,Dijk-Dial,BR-06,12,1,12,2,5.0,7.0,0.035700002626981586,1.0000001836588361,1,True,10,1.8365883613924439e-07
248,Dijk-Dial,BR-06,12,2,13,0,13.0,11.0,0.0807999967946671,3.016277516707908,3,True,5,0.014945397686926265
249,Dijk-Dial,BR-06,13,2,13,0,9.0,10.0,0.049500005843583494,2.0,2,True,5,0.0
250,Dijk-Dial,BR-06,13,1,13,0,1.0,1.0,4878.79399999656,inf,0,False,13,0.0
251,Dijk-Dial,BR-06,13,1,13,0,3.0,6.0,0.02540000423323363,1.0,1,True,9,0.0
252,Dijk-Dial,BR-06,13,0,15,0,31.0,14.0,0.1692000005277805,8.050468499482099,8,True,10,0.014945576257893833
253,Dijk-Dial,BR-06,13,1,15,0,1356.0,141.0,12.772699999914039,1147.7256235334783,7,True,10,329.3309196371851
254,Dijk-Dial,BR-06,14,1,15,0,25.0,13.0,0.1314999972237274,6.103508476595641,6,True,12,0.04620682395681608
255,Dijk-Dial,BR-06,14,2,15,0,236.0,45.0,1.1321999991196208,49.886317392528504,5,True,12,18.315639341840946
256,Dijk-Dial,BR-06,15,2,15,0,20.0,13.0,0.1436000020476058,4.00679385577853,4,True,13,0.0030713163371860475
257,Dijk-Dial,BR-06,16,2,15,0,17.0,12.0,0.07929999992484227,3.000000000010249,3,True,10,1.014077710692618e-11
258,Dijk-Dial,BR-06,16,1,15,0,20.0,10.0,0.12799999967683107,7.455247422929339,2,True,6,3.8659201394728075
259,Dijk-Dial,BR-06,16,0,15,0,42.0,11.0,0.26980000257026404,19.315639323786176,1,True,9,18.315639323786176
260,Dijk-Dial,BR-06,15,0,9,0,85.0,20.0,0.451600004453212,26.627630678127236,12,True,9,3.8659201394728075
261,Dijk-Dial,BR-06,16,0,9,0,118.0,22.0,0.3665999975055456,11.000000000000226,11,True,5,4.884981308350689e-14
262,Dijk-Dial,BR-06,16,1,17,8,158.0,39.0,4.690199995820876,604.1694533584133,8,True,8,329.20257046586613
263,Dijk-Dial,BR-06,16,2,17,8,1341.0,117.0,5277.174700000614,inf,0,False,10,0.0
264,Dijk-Dial,BR-06,16,2,17,8,405.0,60.0,1.348999998299405,35.15934438136696,7,True,11,18.316174622710655
265,Dijk-Dial,BR-06,16,3,17,8,92.0,27.0,0.5572000009124167,43.876969167133964,10,True,11,28.565500784550377
266,Dijk-Dial,BR-06,15,3,13,6,42.0,19.0,0.18899999849963933,5.000000005726496,5,True,5,5.1146571422577836e-09
267,Dijk-Dial,BR-06,14,3,13,6,362.0,53.0,1.4093999998294748,26.750154355015148,4,True,6,18.315638888734178
268,Dijk-Dial,BR-06,13,3,13,6,25.0,14.0,0.11039999662898481,3.284095977338354,3,True,7,0.26861747512418144
269,Dijk-Dial,BR-06,13,4,13,6,104.0,24.0,3.932100000383798,501.18299166415983,2,True,12,329.9854239494242
270,Dijk-Dial,BR-06,13,5,13,6,1.0,1.0,4861.014900001464,inf,0,False,11,0.0
271,Dijk-Dial,BR-06,13,5,13,6,25.0,16.0,0.12770000466844067,4.8659201394728075,1,True,8,3.8659201394728075
272,Dijk-Dial,BR-06,13,6,10,6,33.0,21.0,0.16309999773511663,5.022901290071479,5,True,12,0.01494536875369712
273,Dijk-Dial,BR-06,13,7,13,9,12.0,12.0,0.05289999535307288,2.000019577111586,2,True,10,1.91118303118909e-05
274,Dijk-Dial,BR-06,13,8,13,9,5.0,8.0,0.04219999391352758,1.0000003483624464,1,True,5,3.4836244644509406e-07
275,Dijk-Dial,BR-06,13,9,12,9,2.0,4.0,0.04959999932907522,4.8659201394728075,1,True,5,3.8659201394728075
276,Dijk-Dial,BR-06,12,9,11,9,2.0,4.0,0.030099996365606785,1.045763774309516,1,True,8,0.04576377430951606
277,Dijk-Dial,BR-06,11,9,10,9,2.0,3.0,0.15810000331839547,19.31572899985772,1,True,7,18.31572899985772
278,Dijk-Dial,BR-06,10,9,10,10,1.0,1.0,4930.8957000030205,inf,0,False,6,0.0
279,Dijk-Dial,BR-06,10,9,10,10,5.0,6.0,0.030399998649954796,1.0000004350519984,1,True,5,4.3505199842641673e-07
280,Dijk-Dial,BR-06,10,10,10,11,2.0,3.0,0.02280000626342371,1.1404387706105004,1,True,8,0.14043877061050036
281,Dijk-Dial,BR-06,10,11,9,11,2.0,4.0,0.021899999410379678,1.000535733976477,1,True,11,0.0005357339764771041
282,Dijk-Dial,BR-06,9,11,8,11,13.0,11.0,0.09339999814983457,4.8659201394728075,1,True,8,3.8659201394728075
283,Dijk-Dial,BR-06,8,11,7,11,2.0,4.0,0.03619999915827066,1.5231953970456775,1,True,9,0.5231953970456775
284,Dijk-Dial,BR-06,7,11,7,10,3.0,5.0,0.031100003980100155,1.0,1,True,4,0.0
285,Dijk-Dial,BR-06,7,10,8,10,3.0,5.0,0.026699999580159783,1.0000000000101408,1,True,10,1.014077710692618e-11
286,Dijk-Dial,BR-06,8,10,8,9,3.0,5.0,0.026599998818710446,1.0000000000000002,1,True,4,2.220446049250313e-16
287,Dijk-Dial,BR-06,8,9,9,9,2.0,2.0,0.02460000541759655,1.0000154390656455,1,True,15,1.543906564549502e-05
288,Dijk-Dial,BR-06,9,9,9,10,64.0,26.0,0.3347999954712577,12.74373758814788,1,True,16,11.74373758814788
289,Dijk-Dial,BR-06,9,10,9,12,5.0,8.0,0.5907999948249198,69.3816267357358,2,True,4,55.63799827785093
290,Dijk-Dial,BR-06,9,11,9,12,534.0,75.0,1.9925000015064143,56.645671470491536,1,True,9,55.645671470491536
291,Dijk-Dial,BR-06,9,12,9,13,3.0,6.0,0.18940000154543668,23.873473233624388,1,True,5,22.873473233624388
292,Dijk-Dial,BR-06,9,13,10,13,4.0,7.0,0.2190000013797544,29.565502845705712,1,True,12,28.565502845705712
293,Dijk-Dial,BR-06,10,13,11,13,4.0,6.0,0.02720000338740647,1.0000002233732843,1,True,8,2.233732843137659e-07
294,Dijk-Dial,BR-06,11,13,11,14,58.0,26.0,0.3516000069794245,23.888410251445567,1,True,4,22.888410251445567
295,Dijk-Dial,BR-06,11,14,12,14,1.0,1.0,4853.826500002469,inf,0,False,15,0.0
296,Dijk-Dial,BR-06,11,14,12,14,2.0,4.0,0.1860999982454814,23.87358982048328,1,True,6,22.87358982048328
297,Dijk-Dial,BR-06,12,14,12,13,21.0,14.0,0.11329999688314274,4.865920140341518,1,True,13,3.865920140341518
298,Dijk-Dial,BR-06,12,13,12,12,3.0,6.0,0.023300002794712782,1.0,1,True,3,0.0
299,Dijk-Dial,BR-06,12,12,12,11,3.0,6.0,0.025600005756132305,1.000000000060002,1,True,7,6.000200336586659e-11
300,Dijk-Dial,BR-06,12,11,12,10,2.0,4.0,0.21879999985685572,29.5655009634056,1,True,5,28.5655009634056
301,Dijk-Dial,BR-06,12,10,13,10,69.0,30.0,0.389000000723172,23.883047569199494,1,True,14,22.883047569199494
302,Dijk-Dial,BR-06,13,10,15,10,5.0,9.0,1.6809000007924624,226.70629653370557,2,True,7,169.05871558942133
303,Dijk-Dial,BR-06,14,10,15,10,241.0,39.0,1.1956999951507896,56.656684238167934,1,True,11,55.656684238167934
304,Dijk-Dial,BR-06,15,10,15,9,1.0,1.0,4934.545399999479,inf,0,False,16,0.0
305,Dijk-Dial,BR-06,15,10,15,9,3.0,6.0,0.02710000262595713,1.0005331599071055,1,True,7,0.0005331599071054516
306,Dijk-Dial,BR-06,15,9,15,11,13.0,12.0,0.07309999637072906,2.000000063995799,2,True,9,5.887859000353046e-08
307,Dijk-Dial,BR-06,15,10,15,11,1.0,1.0,5015.996199996152,inf,0,False,10,0.0
308,Dijk-Dial,BR-06,15,10,15,11,5.0,8.0,0.03339999966556206,1.0005523587053082,1,True,9,0.0005523587053082313
309,Dijk-Dial,BR-06,15,11,15,12,3.0,6.0,0.02630000381032005,1.1379190705691238,1,True,7,0.13791907056912378
310,Dijk-Dial,BR-06,15,12,14,12,2.0,3.0,0.03139999898849055,2.7273526279678153,1,True,8,1.7273526279678153
311,Dijk-Dial,BR-06,14,12,13,14,1.0,1.0,4933.885700003884,inf,0,False,10,0.0
312,Dijk-Dial,BR-06,14,12,13,14,20.0,16.0,0.09919999865815043,3.048629728129119,3,True,7,0.04540625031556522
313,Dijk-Dial,BR-06,13,12,13,14,8.0,11.0,0.06589999975403771,2.019330305270797,2,True,9,0.018664469123661265
314,Dijk-Dial,BR-06,13,13,13,14,5.0,7.0,0.029299997549969703,1.000000030229619,1,True,7,3.022961903020871e-08
315,Dijk-Dial,BR-06,13,14,13,15,4.0,7.0,0.07560000085504726,4.867217011202056,1,True,8,3.8672170112020563
316,Dijk-Dial,BR-06,13,15,14,15,3.0,6.0,0.030199997127056122,1.0005331599085148,1,True,11,0.0005331599085147687
317,Dijk-Dial,BR-06,14,15,14,16,4.0,7.0,0.03499999729683623,1.0005331616491364,1,True,7,0.0005331616491364155
318,Dijk-Dial,BR-06,14,16,15,16,24.0,19.0,0.12720000086119398,4.865920139474522,1,True,7,3.8659201394745217
319,Dijk-Dial,BR-06,15,16,15,15,3.0,6.0,0.02469999890308827,1.0000191987982026,1,True,8,1.9198798202557654e-05
320,Dijk-Dial,BR-06,15,15,16,15,4.0,6.0,0.03170000127283856,1.0000004474794766,1,True,9,4.474794765840784e-07
321,Dijk-Dial,BR-06,16,15,17,15,4.0,7.0,0.0259000007645227,1.0000721553470875,1,True,5,7.215534708748805e-05
322,Dijk-Dial,BR-06,17,15,17,14,2.0,4.0,0.16250000044237822,20.90498562915187,1,True,15,19.90498562915187
323,Dijk-Dial,BR-06,17,14,18,14,2.0,4.0,0.18870000349124894,24.507092254743604,1,True,13,23.507092254743604
324,Dijk-Dial,BR-06,18,14,18,13,9.0,11.0,0.06320000102277845,2.589327506819674,1,True,7,1.5893275068196742
325,Dijk-Dial,BR-06,18,13,19,13,3.0,6.0,0.029800001357216388,1.52319539704573,1,True,7,0.5231953970457299
326,Dijk-Dial,BR-06,19,13,19,14,5.0,8.0,0.03360000118846074,1.0000062914607715,1,True,5,6.291460771468138e-06
327,Dijk-Dial,BR-06,19,14,19,15,5.0,8.0,0.029999995604157448,1.0002737334286962,1,True,10,0.0002737334286961879
328,Dijk-Dial,BR-06,19,15,18,15,4.0,7.0,0.03480000304989517,1.5232675524527197,1,True,12,0.5232675524527197
329,Dijk-Dial,BR-06,18,15,18,16,5.0,8.0,0.031299998227041215,1.0000003834289075,1,True,12,3.834289075133057e-07
330,Dijk-Dial,BR-06,18,16,19,16,4.0,6.0,0.027099995349999517,1.0005357340364749,1,True,4,0.0005357340364748886
331,Dijk-Dial,BR-06,19,16,19,17,5.0,7.0,0.0320999970426783,1.0000001788633435,1,True,5,1.788633434696152e-07
332,Dijk-Dial,BR-06,19,17,19,18,1383.0,116.0,5324.172200002067,inf,0,False,7,0.0
333,Dijk-Dial,BR-06,19,17,19,18,1.0,1.0,4876.978499996767,inf,0,False,7,0.0
334,Dijk-Dial,BR-06,19,17,19,18,3.0,5.0,0.26029999571619555,31.665656719703644,1,True,11,30.665656719703644
335,Dijk-Dial,BR-06,19,18,20,18,4.0,6.0,0.03290000313427299,1.0000000305131738,1,True,8,3.051317376545626e-08
336,Dijk-Dial,BR-06,20,18,21,18,3.0,6.0,0.7832999981474131,109.368023445259,1,True,5,108.368023445259
337,Dijk-Dial,BR-06,21,18,22,18,3.0,6.0,0.027000001864507794,1.0025259628958156,1,True,9,0.0025259628958156366
338,Dijk-Dial,BR-06,22,18,22,17,3.0,6.0,0.19530000281520188,1.0149453436338705,1,True,9,0.014945343633870456
339,Dijk-Dial,BR-06,22,17,23,17,10.0,14.0,0.25630000163801014,29.566124055581025,1,True,8,28.566124055581025
340,Dijk-Dial,BR-06,23,17,23,16,3.0,6.0,0.03429999924264848,1.0,1,True,9,0.0
341,Dijk-Dial,BR-06,23,16,23,15,5.0,8.0,0.03640000068116933,1.2686174734423443,1,True,7,0.2686174734423443
342,Dijk-Dial,BR-06,23,15,23,14,5.0,7.0,0.0411000000895001,1.8346523050593135,1,True,6,0.8346523050593135
343,Dijk-Dial,BR-06,23,14,24,14,2.0,3.0,0.0242000023717992,1.0640647472384128,1,True,11,0.06406474723841282
344,Dijk-Dial,BR-06,24,14,24,13,2.0,3.0,0.04900000203633681,5.086784029027048,1,True,14,4.086784029027048
345,Dijk-Dial,BR-06,24,13,24,12,2.0,2.0,0.01889999839477241,1.0000000000599993,1,True,7,5.999933883060748e-11
346,Dijk-Dial,BR-06,24,12,24,11,2.0,3.0,0.02269999822601676,1.1392096816444703,1,True,12,0.13920968164447034
347,Dijk-Dial,BR-06,24,11,23,11,2.0,2.0,0.019899998733308166,1.0149453385247815,1,True,9,0.014945338524781526
348,Dijk-Dial,BR-06,23,11,23,10,1.0,1.0,4871.884300002421,inf,0,False,5,0.0
349,Dijk-Dial,BR-06,23,11,23,10,3.0,6.0,0.026599998818710446,1.0,1,True,13,0.0
350,Dijk-Dial,BR-06,23,10,22,10,1.0,1.0,4802.142399996228,inf,0,False,9,0.0
351,Dijk-Dial,BR-06,23,10,22,10,2.0,3.0,0.020799998310394585,1.0,1,True,3,0.0
352,Dijk-Dial,BR-06,22,10,22,9,5.0,6.0,0.9653999950387515,136.3352832366127,1,True,6,135.3352832366127
353,Dijk-Dial,BR-06,22,9,23,9,3.0,6.0,0.05660000169882551,5.003833297171781,1,True,15,4.003833297171781
354,Dijk-Dial,BR-06,23,9,23,8,3.0,6.0,0.18789999739965424,23.87346703241818,1,True,13,22.87346703241818
355,Dijk-Dial,BR-06,23,8,24,8,3.0,5.0,0.05419999797595665,4.865922207007059,1,True,11,3.865922207007059
356,Dijk-Dial,BR-06,24,8,24,7,1.0,1.0,4962.027500005206,inf,0,False,8,0.0
357,Dijk-Dial,BR-06,24,8,24,7,12.0,10.0,0.08330000127898529,4.865926400704665,1,True,15,3.865926400704665
358,Dijk-Dial,BR-06,24,7,24,6,3.0,4.0,0.02649999805726111,1.0,1,True,3,0.0
359,Dijk-Dial,BR-06,24,6,23,7,6.0,5.0,0.03840000135824084,2.0,2,True,12,0.0
360,Dijk-Dial,BR-06,24,7,23,7,2.0,3.0,0.018300001102034003,1.0,1,True,12,0.0
361,Dijk-Dial,BR-06,23,7,24,9,17.0,10.0,0.07729999924777076,3.000000002128573,3,True,6,2.1005579498023508e-09
362,Dijk-Dial,BR-06,24,7,24,9,3.0,4.0,0.046399996790569276,3.7751659837695235,2,True,10,1.6347272132190156
363,Dijk-Dial,BR-06,24,8,24,9,4.0,5.0,0.027900001441594213,1.0000721553470386,1,True,5,7.215534703863824e-05
364,Dijk-Dial,BR-06,24,9,21,9,70.0,13.0,0.7661000054213218,77.44079805512703,7,True,7,55.648114095720594
365,Dijk-Dial,BR-06,24,8,21,9,16.0,10.0,0.079699995694682,4.000000000010293,4,True,9,1.014077710692618e-11
366,Dijk-Dial,BR-06,23,8,21,9,11.0,9.0,0.06920000305399299,3.3059464116698933,3,True,11,0.26861747344230946
367,Dijk-Dial,BR-06,23,9,21,9,9.0,7.0,0.04859999899053946,2.0103183122065253,2,True,14,0.007786077048990814
368,Dijk-Dial,BR-06,22,9,21,9,4.0,7.0,0.04090000584255904,1.1379128093365618,1,True,9,0.1379128093365618
369,Dijk-Dial,BR-06,21,9,22,11,22.0,14.0,0.08670000534038991,3.00000000006692,3,True,7,5.999933883060748e-11
370,Dijk-Dial,BR-06,22,9,22,11,6.0,6.0,0.07539999933214858,6.681907974545191,2,True,10,3.865920139472811
371,Dijk-Dial,BR-06,22,10,22,11,3.0,4.0,0.04750000516651198,2.6042726219813126,1,True,9,1.6042726219813126
372,Dijk-Dial,BR-06,22,11,22,12,5.0,7.0,0.03779999678954482,1.0,1,True,2,0.0
373,Dijk-Dial,BR-06,22,12,23,12,3.0,6.0,0.12069999502273276,2.589327283456531,1,True,9,1.589327283456531
374,Dijk-Dial,BR-06,23,12,22,13,7.0,8.0,0.047900000936351717,2.0000000639869744,2,True,9,5.8877885455999035e-08
375,Dijk-Dial,BR-06,22,12,22,13,5.0,7.0,0.030099996365606785,1.0000000016860844,1,True,8,1.686084383223374e-09
376,Dijk-Dial,BR-06,22,13,22,14,3.0,5.0,0.03669999568955973,2.589327283456531,1,True,6,1.589327283456531
377,Dijk-Dial,BR-06,22,14,22,15,3.0,6.0,0.03060000017285347,1.1379128102053118,1,True,6,0.13791281020531176
378,Dijk-Dial,BR-06,22,15,22,16,5.0,8.0,0.03060000017285347,1.0000000588778868,1,True,5,5.8877886788266665e-08
379,Dijk-Dial,BR-06,22,16,21,16,2.0,4.0,0.028800001018680632,1.0000000008635042,1,True,11,8.63504157067041e-10
380,Dijk-Dial,BR-06,21,16,21,17,4.0,8.0,0.03399999695830047,1.1379128093447308,1,True,6,0.13791280934473082
381,Dijk-Dial,BR-06,21,17,20,17,21.0,13.0,0.1320000010309741,5.137135729476091,1,True,14,4.137135729476091
382,Dijk-Dial,BR-06,20,17,20,16,1364.0,111.0,5118.03879999934,inf,0,False,9,0.0
383,Dijk-Dial,BR-06,20,17,20,16,3.0,5.0,0.029499999072868377,1.1104319447771196,1,True,7,0.1104319447771196
384,Dijk-Dial,BR-06,20,16,20,19,1298.0,128.0,5295.206299997517,inf,0,False,14,0.0
385,Dijk-Dial,BR-06,20,16,20,19,24.0,16.0,0.10179999662796035,3.000000092696044,3,True,5,9.182733351487116e-08
386,Dijk-Dial,BR-06,20,17,20,19,1158.0,150.0,4.790099999809172,133.2421691992615,2,True,10,108.36803845187559
387,Dijk-Dial,BR-06,20,18,20,19,5.0,8.0,0.035099998058285564,1.000665836206985,1,True,8,0.0006658362069849044
388,Dijk-Dial,BR-06,20,19,19,19,59.0,21.0,0.2716000017244369,12.743635066615624,1,True,12,11.743635066615624
389,Dijk-Dial,BR-06,19,19,18,19,2.0,4.0,0.020799998310394585,1.0000062612400262,1,True,8,6.261240026228521e-06
390,Dijk-Dial,BR-06,18,19,17,19,1404.0,133.0,5332.99039999838,inf,0,False,6,0.0
391,Dijk-Dial,BR-06,18,19,17,19,2.0,4.0,0.028599999495781958,1.0000000000000393,1,True,10,3.930189507173054e-14
392,Dijk-Dial,BR-06,17,19,16,19,2.0,4.0,0.018500002624932677,1.0076815150338823,1,True,11,0.007681515033882258
393,Dijk-Dial,BR-06,16,19,16,18,4.0,7.0,0.0394000016967766,1.0453999297726255,1,True,8,0.045399929772625525
394,Dijk-Dial,BR-06,16,18,16,17,3.0,6.0,0.03260000084992498,1.5231954021547667,1,True,10,0.5231954021547667
395,Dijk-Dial,BR-06,16,17,17,17,3.0,6.0,0.02819999644998461,1.0012968717292516,1,True,9,0.0012968717292516363
396,Dijk-Dial,BR-06,17,17,17,18,1163.0,131.0,6.191800006490666,330.5297475309005,1,True,11,329.5297475309005
397,Dijk-Dial,BR-06,17,18,18,18,7.0,9.0,0.17079999815905467,19.59147076863916,1,True,7,18.59147076863916
398,Dijk-Dial,BR-06,18,18,18,20,1231.0,89.0,3.7057000008644536,75.9699743474094,2,True,7,55.653036302424006
399,Dijk-Dial,BR-06,18,19,18,20,6.0,8.0,0.0720999960321933,2.589327313685494,1,True,16,1.589327313685494
400,Dijk-Dial,BR-06,18,20,18,21,3.0,6.0,0.19179999799234793,23.897992907724227,1,True,13,22.897992907724227
1,Astar,CN-01,0,0,0,1,,,0.02529999619582668,1.6611082188097572,1,True,32,0.6611082188097572
2,Astar,CN-01,0,1,0,2,,,0.04289999924367294,1.2686175344206,1,True,38,0.2686175344206001
3,Astar,CN-01,0,2,0,3,,,0.0335000004270114,29.70341359388694,1,True,27,28.70341359388694
4,Astar,CN-01,0,3,0,4,,,0.03620000643422827,12.78902847861118,1,True,36,11.78902847861118
5,Astar,CN-01,0,4,0,5,,,0.026100002287421376,1.0006237649606795,1,True,41,0.000623764960679507
6,Astar,CN-01,0,5,0,6,0.0,0.0,0.028599999495781958,inf,0,False,28,0.0
7,Astar,CN-01,0,5,0,6,,,0.02220000169472769,358.8689230334387,1,True,31,357.8689230334387
8,Astar,CN-01,0,6,0,7,,,0.02469999890308827,1.1290964138948159,1,True,33,0.12909641389481585
9,Astar,CN-01,0,7,0,8,0.0,0.0,0.025800000003073364,inf,0,False,36,0.0
10,Astar,CN-01,0,7,0,8,,,0.039200000173877925,109.3686464954726,1,True,31,108.3686464954726
11,Astar,CN-01,0,8,0,9,,,0.026900001103058457,29.565590895673967,1,True,33,28.565590895673967
12,Astar,CN-01,0,9,0,10,,,0.1463999942643568,75.47684522412612,1,True,29,74.47684522412612
13,Astar,CN-01,0,10,0,11,,,0.03959999594371766,334.0589082958008,1,True,36,333.0589082958008
14,Astar,CN-01,0,11,0,12,,,0.028399997972883284,24.21025183612484,1,True,36,23.21025183612484
15,Astar,CN-01,0,12,0,13,,,0.026599998818710446,5.005129880286928,1,True,31,4.005129880286928
16,Astar,CN-01,0,13,0,14,0.0,0.0,0.02819999644998461,inf,0,False,38,0.0
17,Astar,CN-01,0,13,0,14,0.0,0.0,0.02800000220304355,inf,0,False,26,0.0
18,Astar,CN-01,0,13,0,14,0.0,0.0,0.027000001864507794,inf,0,False,30,0.0
19,Astar,CN-01,0,13,0,14,,,0.03970000398112461,12.753211436552892,1,True,31,11.753211436552892
20,Astar,CN-01,0,14,1,14,,,0.024000000848900527,1.3367595059635433,1,True,35,0.3367595059635433
21,Astar,CN-01,1,14,1,15,,,0.030300005164463073,1.1104319456413283,1,True,36,0.1104319456413283
22,Astar,CN-01,1,15,1,16,0.0,0.0,0.026200003048870713,inf,0,False,25,0.0
23,Astar,CN-01,1,15,1,16,,,0.025800000003073364,25.462794479212207,1,True,20,24.462794479212207
24,Astar,CN-01,1,16,2,16,,,0.02920000406447798,1.007673192650074,1,True,32,0.0076731926500739345
25,Astar,CN-01,2,16,2,15,,,0.02370000584051013,12.758573798252229,1,True,41,11.758573798252229
26,Astar,CN-01,2,15,3,15,,,0.023500004317611456,56.637998456698035,1,True,30,55.637998456698035
27,Astar,CN-01,3,15,4,15,,,0.03149999974993989,1.6142689951039308,1,True,27,0.6142689951039308
28,Astar,CN-01,4,15,4,14,,,0.02800000220304355,348.5086287640706,1,True,39,347.5086287640706
29,Astar,CN-01,4,14,4,13,0.0,0.0,0.028800001018680632,inf,0,False,38,0.0
30,Astar,CN-01,4,14,4,13,,,0.022000000171829015,385.9688988950854,1,True,39,384.9688988950854
31,Astar,CN-01,4,13,4,12,,,0.021899999410379678,1.000012672174489,1,True,32,1.26721744890812e-05
32,Astar,CN-01,4,12,4,11,,,0.02540000423323363,1.0154791148886682,1,True,42,0.015479114888668155
33,Astar,CN-01,4,11,4,10,,,0.044200001866556704,4.898870377814651,1,True,31,3.898870377814651
34,Astar,CN-01,4,10,5,10,,,0.02469999890308827,109.50856429878431,1,True,31,108.50856429878431
35,Astar,CN-01,5,10,5,11,0.0,0.0,0.02600000152597204,inf,0,False,38,0.0
36,Astar,CN-01,5,10,5,11,,,0.037099998735357076,365.1912343597301,1,True,43,364.1912343597301
37,Astar,CN-01,5,11,6,11,,,0.12560000322991982,387.42283933041887,1,True,26,386.42283933041887
38,Astar,CN-01,6,11,7,11,,,0.02469999890308827,189.76194344274305,1,True,39,188.76194344274305
39,Astar,CN-01,7,11,7,10,,,0.7532000017818063,345.91324210147855,1,True,39,344.91324210147855
40,Astar,CN-01,7,10,8,10,,,0.04939999780617654,221.1002591572431,1,True,35,220.1002591572431
41,Astar,CN-01,8,10,8,9,,,0.19469999824650586,56.703148299160375,1,True,31,55.703148299160375
42,Astar,CN-01,8,9,8,8,,,0.04030000127386302,1.1834374695008623,1,True,44,0.18343746950086226
43,Astar,CN-01,8,8,9,8,,,0.035400000342633575,136.35022897736002,1,True,33,135.35022897736002
44,Astar,CN-01,9,8,10,8,,,0.02800000220304355,1.2584631460506936,1,True,29,0.25846314605069365
45,Astar,CN-01,10,8,11,8,0.0,0.0,0.030700000934302807,inf,0,False,30,0.0
46,Astar,CN-01,10,8,11,8,,,0.02769999991869554,24.077771245505236,1,True,45,23.077771245505236
47,Astar,CN-01,11,8,11,7,0.0,0.0,0.027099995349999517,inf,0,False,37,0.0
48,Astar,CN-01,11,8,11,7,,,0.04510000144364312,183.4871738674105,1,True,40,182.4871738674105
49,Astar,CN-01,11,7,11,6,,,0.02370000584051013,58.33897179099645,1,True,43,57.33897179099645
50,Astar,CN-01,11,6,11,5,0.0,0.0,2.662799997779075,inf,0,False,31,0.0
51,Astar,CN-01,11,6,11,5,0.0,0.0,0.027800000680144876,inf,0,False,29,0.0
52,Astar,CN-01,11,6,11,5,0.0,0.0,0.02540000423323363,inf,0,False,33,0.0
53,Astar,CN-01,11,6,11,5,,,0.026299996534362435,341.9367063824314,1,True,26,340.9367063824314
54,Astar,CN-01,11,5,11,4,,,0.027900001441594213,4.096958453519418,1,True,46,3.0969584535194183
55,Astar,CN-01,11,4,12,4,,,0.02510000194888562,12.75322363752575,1,True,35,11.75322363752575
56,Astar,CN-01,12,4,12,3,,,0.02529999619582668,132.39564556224659,1,True,32,131.39564556224659
57,Astar,CN-01,12,3,13,3,,,0.1277999981539324,59.73364377172005,1,True,50,58.73364377172005
58,Astar,CN-01,13,3,13,2,,,0.048999994760379195,109.47975891354307,1,True,34,108.47975891354307
59,Astar,CN-01,13,2,13,1,0.0,0.0,0.026400004571769387,inf,0,False,30,0.0
60,Astar,CN-01,13,2,13,1,,,0.02630000381032005,109.50595516946767,1,True,36,108.50595516946767
61,Astar,CN-01,13,1,14,1,0.0,0.0,0.029000002541579306,inf,0,False,21,0.0
62,Astar,CN-01,13,1,14,1,0.0,0.0,0.029599999834317714,inf,0,False,44,0.0
63,Astar,CN-01,13,1,14,1,,,0.04159999662078917,13.559616292093509,1,True,27,12.559616292093509
64,Astar,CN-01,14,1,15,1,,,0.02239999594166875,137.1608727495884,1,True,37,136.1608727495884
65,Astar,CN-01,15,1,15,2,,,0.024000000848900527,1.000000435062139,1,True,29,4.3506213898147905e-07
66,Astar,CN-01,15,2,15,3,,,0.4750000007334165,165.13512417514545,1,True,32,164.13512417514545
67,Astar,CN-01,15,3,14,3,,,0.027800000680144876,110.23939799675045,1,True,37,109.23939799675045
68,Astar,CN-01,14,3,14,4,0.0,0.0,0.028200003725942224,inf,0,False,25,0.0
69,Astar,CN-01,14,3,14,4,,,0.044200001866556704,1.1385786765761148,1,True,31,0.13857867657611478
70,Astar,CN-01,14,4,15,4,0.0,0.0,0.029499999072868377,inf,0,False,37,0.0
71,Astar,CN-01,14,4,15,4,,,0.027399997634347528,244.7492395481786,1,True,34,243.7492395481786
72,Astar,CN-01,15,4,15,5,0.0,0.0,0.027900001441594213,inf,0,False,37,0.0
73,Astar,CN-01,15,4,15,5,0.0,0.0,2.777400004561059,inf,0,False,38,0.0
74,Astar,CN-01,15,4,15,5,,,0.029199996788520366,332.08798627456815,1,True,46,331.08798627456815
75,Astar,CN-01,15,5,14,5,,,0.0554999933228828,68.38931221541779,1,True,31,67.38931221541779
76,Astar,CN-01,14,5,14,6,0.0,0.0,0.04199999966658652,inf,0,False,30,0.0
77,Astar,CN-01,14,5,14,6,,,0.11039999662898481,24.12368957478316,1,True,40,23.12368957478316
78,Astar,CN-01,14,6,15,6,,,0.028999995265621692,36.155892218353685,1,True,35,35.155892218353685
79,Astar,CN-01,15,6,16,6,,,0.029000002541579306,191.62335184611692,1,True,43,190.62335184611692
80,Astar,CN-01,16,6,16,7,,,0.1388000018778257,20.13163304902525,1,True,31,19.13163304902525
81,Astar,CN-01,16,7,17,7,0.0,0.0,0.036799996451009065,inf,0,False,37,0.0
82,Astar,CN-01,16,7,17,7,,,0.17500000103609636,109.38930364521215,1,True,28,108.38930364521215
83,Astar,CN-01,17,7,18,7,0.0,0.0,0.02540000423323363,inf,0,False,36,0.0
84,Astar,CN-01,17,7,18,7,,,0.034199998481199145,109.63664704839745,1,True,25,108.63664704839745
85,Astar,CN-01,18,7,18,6,,,0.02559999848017469,4.882171198048429,1,True,35,3.882171198048429
86,Astar,CN-01,18,6,17,6,0.0,0.0,0.025399996957276016,inf,0,False,37,0.0
87,Astar,CN-01,18,6,17,6,,,0.0242000023717992,1.3359986441200167,1,True,38,0.3359986441200167
88,Astar,CN-01,17,6,17,5,,,0.02349999704165384,19.982042404866604,1,True,31,18.982042404866604
89,Astar,CN-01,17,5,17,4,,,0.047299996367655694,74.69156346907096,1,True,37,73.69156346907096
90,Astar,CN-01,17,4,18,4,0.0,0.0,0.027400004910305142,inf,0,False,37,0.0
91,Astar,CN-01,17,4,18,4,,,0.02499999391147867,109.8945667034658,1,True,25,108.8945667034658
92,Astar,CN-01,18,4,18,3,,,0.027400004910305142,1.000000446736477,1,True,30,4.467364769222826e-07
93,Astar,CN-01,18,3,18,2,,,0.031299998227041215,278.3826355016577,1,True,43,277.3826355016577
94,Astar,CN-01,18,2,18,1,,,0.0242000023717992,22.419197088127795,1,True,40,21.419197088127795
95,Astar,CN-01,18,1,18,0,,,0.02499999391147867,8.731855748759585,1,True,36,7.731855748759585
96,Astar,CN-01,18,0,19,0,,,0.024299995857290924,1.0192038902524834,1,True,28,0.01920389025248337
97,Astar,CN-01,19,0,20,0,0.0,0.0,0.030099996365606785,inf,0,False,30,0.0
98,Astar,CN-01,19,0,20,0,,,0.7501000000047497,331.80097978385146,1,True,37,330.80097978385146
99,Astar,CN-01,20,0,21,0,,,0.02600000152597204,1.2692996727756947,1,True,44,0.26929967277569467
1,Dijk-Std,CN-01,0,0,0,1,2.0,2.0,0.012399999832268804,1.6611082188097572,1,True,32,0.6611082188097572
2,Dijk-Std,CN-01,0,1,0,2,3.0,3.0,0.012999997125007212,1.2686175344206,1,True,38,0.2686175344206001
3,Dijk-Std,CN-01,0,2,0,3,3.0,4.0,0.017099999240599573,29.70341359388694,1,True,27,28.70341359388694
4,Dijk-Std,CN-01,0,3,0,4,12.0,6.0,0.040099999750964344,12.78902847861118,1,True,36,11.78902847861118
5,Dijk-Std,CN-01,0,4,0,5,3.0,4.0,0.015899997379165143,1.0006237649606795,1,True,41,0.000623764960679507
6,Dijk-Std,CN-01,0,5,0,6,1.0,1.0,0.01359999441774562,inf,0,False,28,0.0
7,Dijk-Std,CN-01,0,5,0,6,2.0,1.0,0.012299999070819467,358.8689230334387,1,True,31,357.8689230334387
8,Dijk-Std,CN-01,0,6,0,7,2.0,3.0,0.012399999832268804,1.1290964138948159,1,True,33,0.12909641389481585
9,Dijk-Std,CN-01,0,7,0,8,1.0,1.0,0.008600000001024455,inf,0,False,36,0.0
10,Dijk-Std,CN-01,0,7,0,8,2.0,3.0,0.013500000932253897,109.3686464954726,1,True,31,108.3686464954726
11,Dijk-Std,CN-01,0,8,0,9,2.0,3.0,0.015199999324977398,29.565590895673967,1,True,33,28.565590895673967
12,Dijk-Std,CN-01,0,9,0,10,82.0,21.0,0.18099999579135329,75.47684522412612,1,True,29,74.47684522412612
13,Dijk-Std,CN-01,0,10,0,11,6.0,7.0,0.04220000118948519,334.0589082958008,1,True,36,333.0589082958008
14,Dijk-Std,CN-01,0,11,0,12,2.0,3.0,0.013799995940644294,24.21025183612484,1,True,36,23.21025183612484
15,Dijk-Std,CN-01,0,12,0,13,2.0,3.0,0.01290000363951549,5.005129880286928,1,True,31,4.005129880286928
16,Dijk-Std,CN-01,0,13,0,14,1.0,1.0,0.018999999156221747,inf,0,False,38,0.0
17,Dijk-Std,CN-01,0,13,0,14,1.0,1.0,0.006299997039604932,inf,0,False,26,0.0
18,Dijk-Std,CN-01,0,13,0,14,1.0,1.0,0.008299997716676444,inf,0,False,30,0.0
19,Dijk-Std,CN-01,0,13,0,14,2.0,3.0,0.020799998310394585,12.753211436552892,1,True,31,11.753211436552892
20,Dijk-Std,CN-01,0,14,1,14,3.0,3.0,0.02800000220304355,1.3367595059635433,1,True,35,0.3367595059635433
21,Dijk-Std,CN-01,1,14,1,15,5.0,7.0,0.02359999780310318,1.1104319456413283,1,True,36,0.1104319456413283
22,Dijk-Std,CN-01,1,15,1,16,1.0,1.0,0.009000003046821803,inf,0,False,25,0.0
23,Dijk-Std,CN-01,1,15,1,16,2.0,3.0,0.01309999788645655,25.462794479212207,1,True,20,24.462794479212207
24,Dijk-Std,CN-01,1,16,2,16,4.0,4.0,0.01840000186348334,1.007673192650074,1,True,32,0.0076731926500739345
25,Dijk-Std,CN-01,2,16,2,15,3.0,4.0,0.01739999424898997,12.758573798252229,1,True,41,11.758573798252229
26,Dijk-Std,CN-01,2,15,3,15,3.0,5.0,0.015900004655122757,56.637998456698035,1,True,30,55.637998456698035
27,Dijk-Std,CN-01,3,15,4,15,4.0,7.0,0.022899999748915434,1.6142689951039308,1,True,27,0.6142689951039308
28,Dijk-Std,CN-01,4,15,4,14,4.0,4.0,0.03800000558840111,348.5086287640706,1,True,39,347.5086287640706
29,Dijk-Std,CN-01,4,14,4,13,1.0,1.0,0.018200000340584666,inf,0,False,38,0.0
30,Dijk-Std,CN-01,4,14,4,13,2.0,2.0,0.013699995179194957,385.9688988950854,1,True,39,384.9688988950854
31,Dijk-Std,CN-01,4,13,4,12,3.0,6.0,0.02989999484270811,1.000012672174489,1,True,32,1.26721744890812e-05
32,Dijk-Std,CN-01,4,12,4,11,3.0,6.0,0.01569999585626647,1.0154791148886682,1,True,42,0.015479114888668155
33,Dijk-Std,CN-01,4,11,4,10,22.0,16.0,0.08270000398624688,4.898870377814651,1,True,31,3.898870377814651
34,Dijk-Std,CN-01,4,10,5,10,3.0,6.0,0.018699996871873736,109.50856429878431,1,True,31,108.50856429878431
35,Dijk-Std,CN-01,5,10,5,11,1.0,1.0,0.009499999578110874,inf,0,False,38,0.0
36,Dijk-Std,CN-01,5,10,5,11,6.0,7.0,0.025600005756132305,365.1912343597301,1,True,43,364.1912343597301
37,Dijk-Std,CN-01,5,11,6,11,37.0,15.0,0.08759999764151871,387.42283933041887,1,True,26,386.42283933041887
38,Dijk-Std,CN-01,6,11,7,11,3.0,4.0,0.014000004739500582,189.76194344274305,1,True,39,188.76194344274305
39,Dijk-Std,CN-01,7,11,7,10,424.0,84.0,1.4422000022022985,345.91324210147855,1,True,39,344.91324210147855
40,Dijk-Std,CN-01,7,10,8,10,4.0,5.0,0.025399996957276016,221.1002591572431,1,True,35,220.1002591572431
41,Dijk-Std,CN-01,8,10,8,9,168.0,37.0,0.44440000056056306,56.703148299160375,1,True,31,55.703148299160375
42,Dijk-Std,CN-01,8,9,8,8,4.0,8.0,0.023600005079060793,1.1834374695008623,1,True,44,0.18343746950086226
43,Dijk-Std,CN-01,8,8,9,8,6.0,9.0,0.03360000118846074,136.35022897736002,1,True,33,135.35022897736002
44,Dijk-Std,CN-01,9,8,10,8,3.0,6.0,0.01960000372491777,1.2584631460506936,1,True,29,0.25846314605069365
45,Dijk-Std,CN-01,10,8,11,8,1.0,1.0,0.011099997209385037,inf,0,False,30,0.0
46,Dijk-Std,CN-01,10,8,11,8,3.0,6.0,0.019500002963468432,24.077771245505236,1,True,45,23.077771245505236
47,Dijk-Std,CN-01,11,8,11,7,1.0,1.0,0.009899995347950608,inf,0,False,37,0.0
48,Dijk-Std,CN-01,11,8,11,7,2.0,3.0,0.012099997547920793,183.4871738674105,1,True,40,182.4871738674105
49,Dijk-Std,CN-01,11,7,11,6,2.0,4.0,0.01599999814061448,58.33897179099645,1,True,43,57.33897179099645
50,Dijk-Std,CN-01,11,6,11,5,1385.0,176.0,3.317599999718368,inf,0,False,31,0.0
51,Dijk-Std,CN-01,11,6,11,5,1.0,1.0,0.008700000762473792,inf,0,False,29,0.0
52,Dijk-Std,CN-01,11,6,11,5,1.0,1.0,0.020700004824902862,inf,0,False,33,0.0
53,Dijk-Std,CN-01,11,6,11,5,2.0,1.0,0.009499999578110874,341.9367063824314,1,True,26,340.9367063824314
54,Dijk-Std,CN-01,11,5,11,4,3.0,6.0,0.031100003980100155,4.096958453519418,1,True,46,3.0969584535194183
55,Dijk-Std,CN-01,11,4,12,4,3.0,5.0,0.02710000262595713,12.75322363752575,1,True,35,11.75322363752575
56,Dijk-Std,CN-01,12,4,12,3,2.0,4.0,0.0242000023717992,132.39564556224659,1,True,32,131.39564556224659
57,Dijk-Std,CN-01,12,3,13,3,64.0,34.0,0.22300000273389742,59.73364377172005,1,True,50,58.73364377172005
58,Dijk-Std,CN-01,13,3,13,2,10.0,11.0,0.04339999577496201,109.47975891354307,1,True,34,108.47975891354307
59,Dijk-Std,CN-01,13,2,13,1,1.0,1.0,0.007999995432328433,inf,0,False,30,0.0
60,Dijk-Std,CN-01,13,2,13,1,2.0,4.0,0.013199998647905886,109.50595516946767,1,True,36,108.50595516946767
61,Dijk-Std,CN-01,13,1,14,1,1.0,1.0,0.008000002708286047,inf,0,False,21,0.0
62,Dijk-Std,CN-01,13,1,14,1,1.0,1.0,0.008900002285372466,inf,0,False,44,0.0
63,Dijk-Std,CN-01,13,1,14,1,34.0,16.0,0.07970000297063962,13.559616292093509,1,True,27,12.559616292093509
64,Dijk-Std,CN-01,14,1,15,1,4.0,6.0,0.019099999917671084,137.1608727495884,1,True,37,136.1608727495884
65,Dijk-Std,CN-01,15,1,15,2,5.0,8.0,0.02179999864893034,1.000000435062139,1,True,29,4.3506213898147905e-07
66,Dijk-Std,CN-01,15,2,15,3,454.0,93.0,1.083999995898921,165.13512417514545,1,True,32,164.13512417514545
67,Dijk-Std,CN-01,15,3,14,3,2.0,3.0,0.012700002116616815,110.23939799675045,1,True,37,109.23939799675045
68,Dijk-Std,CN-01,14,3,14,4,1.0,1.0,0.007800001185387373,inf,0,False,25,0.0
69,Dijk-Std,CN-01,14,3,14,4,4.0,7.0,0.024000000848900527,1.1385786765761148,1,True,31,0.13857867657611478
70,Dijk-Std,CN-01,14,4,15,4,1.0,1.0,0.009499999578110874,inf,0,False,37,0.0
71,Dijk-Std,CN-01,14,4,15,4,4.0,6.0,0.025200002710334957,244.7492395481786,1,True,34,243.7492395481786
72,Dijk-Std,CN-01,15,4,15,5,1.0,1.0,0.006800000846851617,inf,0,False,37,0.0
73,Dijk-Std,CN-01,15,4,15,5,1284.0,153.0,3.459400002611801,inf,0,False,38,0.0
74,Dijk-Std,CN-01,15,4,15,5,3.0,5.0,0.01960000372491777,332.08798627456815,1,True,46,331.08798627456815
75,Dijk-Std,CN-01,15,5,14,5,2.0,4.0,0.012999997125007212,68.38931221541779,1,True,31,67.38931221541779
76,Dijk-Std,CN-01,14,5,14,6,1.0,1.0,0.011099997209385037,inf,0,False,30,0.0
77,Dijk-Std,CN-01,14,5,14,6,44.0,19.0,0.1371000034851022,24.12368957478316,1,True,40,23.12368957478316
78,Dijk-Std,CN-01,14,6,15,6,3.0,6.0,0.01930000144056976,36.155892218353685,1,True,35,35.155892218353685
79,Dijk-Std,CN-01,15,6,16,6,3.0,6.0,0.01720000000204891,191.62335184611692,1,True,43,190.62335184611692
80,Dijk-Std,CN-01,16,6,16,7,78.0,24.0,0.16850000247359276,20.13163304902525,1,True,31,19.13163304902525
81,Dijk-Std,CN-01,16,7,17,7,1.0,1.0,0.00790000194683671,inf,0,False,37,0.0
82,Dijk-Std,CN-01,16,7,17,7,120.0,32.0,0.41459999920334667,109.38930364521215,1,True,28,108.38930364521215
83,Dijk-Std,CN-01,17,7,18,7,1.0,1.0,0.010000003385357559,inf,0,False,36,0.0
84,Dijk-Std,CN-01,17,7,18,7,3.0,6.0,0.01990000600926578,109.63664704839745,1,True,25,108.63664704839745
85,Dijk-Std,CN-01,18,7,18,6,3.0,6.0,0.019699997210409492,4.882171198048429,1,True,35,3.882171198048429
86,Dijk-Std,CN-01,18,6,17,6,1.0,1.0,0.009000003046821803,inf,0,False,37,0.0
87,Dijk-Std,CN-01,18,6,17,6,2.0,4.0,0.015099998563528061,1.3359986441200167,1,True,38,0.3359986441200167
88,Dijk-Std,CN-01,17,6,17,5,2.0,4.0,0.012599994079209864,19.982042404866604,1,True,31,18.982042404866604
89,Dijk-Std,CN-01,17,5,17,4,10.0,12.0,0.04099999932805076,74.69156346907096,1,True,37,73.69156346907096
90,Dijk-Std,CN-01,17,4,18,4,1.0,1.0,0.016600002709310502,inf,0,False,37,0.0
91,Dijk-Std,CN-01,17,4,18,4,3.0,6.0,0.014700002793688327,109.8945667034658,1,True,25,108.8945667034658
92,Dijk-Std,CN-01,18,4,18,3,2.0,3.0,0.01080000220099464,1.000000446736477,1,True,30,4.467364769222826e-07
93,Dijk-Std,CN-01,18,3,18,2,5.0,5.0,0.018200000340584666,278.3826355016577,1,True,43,277.3826355016577
94,Dijk-Std,CN-01,18,2,18,1,3.0,6.0,0.01930000144056976,22.419197088127795,1,True,40,21.419197088127795
95,Dijk-Std,CN-01,18,1,18,0,2.0,4.0,0.01479999627918005,8.731855748759585,1,True,36,7.731855748759585
96,Dijk-Std,CN-01,18,0,19,0,3.0,4.0,0.018999999156221747,1.0192038902524834,1,True,28,0.01920389025248337
97,Dijk-Std,CN-01,19,0,20,0,1.0,1.0,0.009499999578110874,inf,0,False,30,0.0
98,Dijk-Std,CN-01,19,0,20,0,357.0,85.0,0.8883999980753288,331.80097978385146,1,True,37,330.80097978385146
99,Dijk-Std,CN-01,20,0,21,0,4.0,4.0,0.018499995348975062,1.2692996727756947,1,True,44,0.26929967277569467
1,Dijk-Bi,CN-01,0,0,0,1,3.0,5.0,0.02050000330200419,1.6611082188097572,1,True,32,0.6611082188097572
2,Dijk-Bi,CN-01,0,1,0,2,4.0,6.0,0.021100000594742596,1.2686175344206,1,True,38,0.2686175344206001
3,Dijk-Bi,CN-01,0,2,0,3,5.0,8.0,0.027900001441594213,29.70341359388694,1,True,27,28.70341359388694
4,Dijk-Bi,CN-01,0,3,0,4,13.0,9.0,0.04430000262800604,12.78902847861118,1,True,36,11.78902847861118
5,Dijk-Bi,CN-01,0,4,0,5,4.0,7.0,0.03480000304989517,1.0006237649606795,1,True,41,0.000623764960679507
6,Dijk-Bi,CN-01,0,5,0,6,1.0,2.0,0.014400000509340316,inf,0,False,28,0.0
7,Dijk-Bi,CN-01,0,5,0,6,733.0,151.0,2.07570000202395,358.8689230334387,1,True,31,357.8689230334387
8,Dijk-Bi,CN-01,0,6,0,7,4.0,7.0,0.022299995180219412,1.1290964138948159,1,True,33,0.12909641389481585
9,Dijk-Bi,CN-01,0,7,0,8,1.0,2.0,0.011199997970834374,inf,0,False,36,0.0
10,Dijk-Bi,CN-01,0,7,0,8,9.0,10.0,0.03879999712808058,109.3686464954726,1,True,31,108.3686464954726
11,Dijk-Bi,CN-01,0,8,0,9,208.0,47.0,0.4644999935408123,29.565590895673967,1,True,33,28.565590895673967
12,Dijk-Bi,CN-01,0,9,0,10,83.0,24.0,0.42039999971166253,75.47684522412612,1,True,29,74.47684522412612
13,Dijk-Bi,CN-01,0,10,0,11,7.0,8.0,0.03279999509686604,334.0589082958008,1,True,36,333.0589082958008
14,Dijk-Bi,CN-01,0,11,0,12,3.0,6.0,0.022599997464567423,24.21025183612484,1,True,36,23.21025183612484
15,Dijk-Bi,CN-01,0,12,0,13,5.0,7.0,0.025699999241624027,5.005129880286928,1,True,31,4.005129880286928
16,Dijk-Bi,CN-01,0,13,0,14,1.0,2.0,0.00960000033956021,inf,0,False,38,0.0
17,Dijk-Bi,CN-01,0,13,0,14,1.0,2.0,0.008499999239575118,inf,0,False,26,0.0
18,Dijk-Bi,CN-01,0,13,0,14,1.0,2.0,0.00790000194683671,inf,0,False,30,0.0
19,Dijk-Bi,CN-01,0,13,0,14,5.0,8.0,0.03440000000409782,12.753211436552892,1,True,31,11.753211436552892
20,Dijk-Bi,CN-01,0,14,1,14,4.0,7.0,0.024100001610349864,1.3367595059635433,1,True,35,0.3367595059635433
21,Dijk-Bi,CN-01,1,14,1,15,6.0,10.0,0.0318000020342879,1.1104319456413283,1,True,36,0.1104319456413283
22,Dijk-Bi,CN-01,1,15,1,16,1.0,2.0,0.010399999155197293,inf,0,False,25,0.0
23,Dijk-Bi,CN-01,1,15,1,16,98.0,28.0,0.21689999994123355,25.462794479212207,1,True,20,24.462794479212207
24,Dijk-Bi,CN-01,1,16,2,16,5.0,7.0,0.023299995518755168,1.007673192650074,1,True,32,0.0076731926500739345
25,Dijk-Bi,CN-01,2,16,2,15,59.0,24.0,0.14670000382466242,20.222027581712858,3,True,41,11.758573798252229
26,Dijk-Bi,CN-01,1,16,0,16,4.0,6.0,0.023600005079060793,29.565512979764804,1,True,30,28.565512979764804
27,Dijk-Bi,CN-01,0,16,0,17,145.0,27.0,0.4245000018272549,46.74945578370859,1,True,27,45.74945578370859
28,Dijk-Bi,CN-01,0,17,0,18,26.0,14.0,0.08359999628737569,12.76229292614543,1,True,39,11.76229292614543
29,Dijk-Bi,CN-01,0,18,0,19,104.0,25.0,0.27210000553168356,334.19682076183284,1,True,38,333.19682076183284
30,Dijk-Bi,CN-01,0,19,0,20,5.0,7.0,0.021599997126031667,12.762293149502193,1,True,39,11.762293149502193
31,Dijk-Bi,CN-01,0,20,0,21,191.0,48.0,0.4528999998001382,109.36802325212649,1,True,32,108.36802325212649
32,Dijk-Bi,CN-01,0,21,0,22,1.0,2.0,0.007800001185387373,inf,0,False,42,0.0
33,Dijk-Bi,CN-01,0,21,0,22,4.0,7.0,0.02390000008745119,1.0000000918274219,1,True,31,9.182742188862392e-08
34,Dijk-Bi,CN-01,0,22,0,23,394.0,100.0,1.0822000040207058,192.35551936043282,1,True,31,191.35551936043282
35,Dijk-Bi,CN-01,0,23,0,24,12.0,11.0,0.049700000090524554,4.865920362844433,1,True,38,3.8659203628444327
36,Dijk-Bi,CN-01,0,24,1,24,9.0,10.0,0.03650000144261867,4.867289482036858,1,True,43,3.867289482036858
37,Dijk-Bi,CN-01,1,24,2,24,17.0,12.0,0.05489999603014439,170.28246603949856,1,True,26,169.28246603949856
38,Dijk-Bi,CN-01,2,24,2,23,6.0,12.0,0.0503999981447123,1.015703572418395,1,True,39,0.01570357241839493
39,Dijk-Bi,CN-01,2,23,3,23,5.0,10.0,0.03999999898951501,1.0012989328829105,1,True,39,0.0012989328829104974
40,Dijk-Bi,CN-01,3,23,4,23,7.0,13.0,0.045900000259280205,186.48425176747688,1,True,35,185.48425176747688
41,Dijk-Bi,CN-01,4,23,4,22,14.0,17.0,0.05750000127591193,4.865920139542947,1,True,31,3.865920139542947
42,Dijk-Bi,CN-01,4,22,5,22,223.0,76.0,0.5057000016677193,611.8976638659828,3,True,44,329.7257658680209
43,Dijk-Bi,CN-01,4,23,4,24,2.0,4.0,0.012500000593718141,inf,0,False,33,0.0
44,Dijk-Bi,CN-01,4,23,4,24,269.0,83.0,0.7869000037317164,165.02150000497164,1,True,29,164.02150000497164
45,Dijk-Bi,CN-01,4,24,4,25,1.0,2.0,0.008800001523923129,inf,0,False,30,0.0
46,Dijk-Bi,CN-01,4,24,4,25,6.0,10.0,0.03339999966556206,1.8351919050434964,1,True,45,0.8351919050434964
47,Dijk-Bi,CN-01,4,25,4,26,160.0,48.0,0.36640000325860456,165.00602172635973,1,True,37,164.00602172635973
48,Dijk-Bi,CN-01,4,26,4,27,219.0,73.0,0.6151999987196177,88.3015382455797,1,True,40,87.3015382455797
49,Dijk-Bi,CN-01,4,27,3,27,1.0,2.0,0.008899995009414852,inf,0,False,43,0.0
50,Dijk-Bi,CN-01,4,27,3,27,5.0,10.0,0.03639999340521172,1.283926661623207,1,True,31,0.283926661623207
51,Dijk-Bi,CN-01,3,27,2,27,4.0,9.0,0.03229999856557697,1.0186766643933853,1,True,29,0.018676664393385334
52,Dijk-Bi,CN-01,2,27,2,26,14.0,11.0,0.054700001783203334,17.83560648605034,1,True,33,16.83560648605034
53,Dijk-Bi,CN-01,2,26,1,26,1.0,2.0,0.008899995009414852,inf,0,False,26,0.0
54,Dijk-Bi,CN-01,2,26,1,26,14.0,9.0,0.05339999916031957,380.3431628931227,1,True,46,379.3431628931227
55,Dijk-Bi,CN-01,1,26,0,26,8.0,10.0,0.03879999712808058,16.886646156779292,1,True,35,15.886646156779292
56,Dijk-Bi,CN-01,0,26,0,27,4.0,6.0,0.022799998987466097,1.0453999297631895,1,True,32,0.04539992976318952
57,Dijk-Bi,CN-01,0,27,0,28,1.0,2.0,0.008499999239575118,inf,0,False,50,0.0
58,Dijk-Bi,CN-01,0,27,0,28,11.0,11.0,0.04520000220509246,24.346971903600885,1,True,34,23.346971903600885
59,Dijk-Bi,CN-01,0,28,0,29,347.0,93.0,1.1576999968383461,170.0133875614385,1,True,30,169.0133875614385
60,Dijk-Bi,CN-01,0,29,0,30,4.0,7.0,0.025999994250014424,1.3354630629597166,1,True,36,0.3354630629597166
61,Dijk-Bi,CN-01,0,30,0,31,4.0,6.0,0.019699997210409492,1.1384480303972913,1,True,21,0.13844803039729126
62,Dijk-Bi,CN-01,0,31,0,32,12.0,9.0,0.06320000102277845,4.866194096259629,1,True,44,3.866194096259629
63,Dijk-Bi,CN-01,0,32,0,33,5.0,8.0,0.026699999580159783,1.0000000000000013,1,True,27,1.3322676295501878e-15
64,Dijk-Bi,CN-01,0,33,0,34,14.0,11.0,0.04189999890513718,23.87373864466411,1,True,37,22.87373864466411
65,Dijk-Bi,CN-01,0,34,1,34,11.0,10.0,0.045000000682193786,12.791554347998149,1,True,29,11.791554347998149
66,Dijk-Bi,CN-01,1,34,2,34,500.0,92.0,1.2672000011662021,170.0133154060742,1,True,32,169.0133154060742
67,Dijk-Bi,CN-01,2,34,2,33,5.0,11.0,0.03139999898849055,1.0012968717292705,1,True,37,0.00129687172927051
68,Dijk-Bi,CN-01,2,33,2,32,5.0,10.0,0.025699999241624027,1.0005331623517735,1,True,25,0.0005331623517734752
69,Dijk-Bi,CN-01,2,32,2,31,5.0,9.0,0.02479999966453761,1.0000000051091325,1,True,31,5.109132450442644e-09
70,Dijk-Bi,CN-01,2,31,2,30,4.0,4.0,0.023500004317611456,360.26731325326915,1,True,37,359.26731325326915
71,Dijk-Bi,CN-01,2,30,2,29,1.0,2.0,0.010899995686486363,inf,0,False,34,0.0
72,Dijk-Bi,CN-01,2,30,2,29,8.0,15.0,0.032999996619764715,16.107852026135028,1,True,37,15.107852026135028
73,Dijk-Bi,CN-01,2,29,3,29,3.0,8.0,0.031000003218650818,3.3045051657258147,1,True,38,2.3045051657258147
74,Dijk-Bi,CN-01,3,29,3,28,1.0,2.0,0.008899995009414852,inf,0,False,46,0.0
75,Dijk-Bi,CN-01,3,29,3,28,7.0,11.0,0.02830000448739156,353.60368767845694,1,True,31,352.60368767845694
76,Dijk-Bi,CN-01,3,28,4,28,585.0,129.0,1.3330000001587905,290.58629405411483,3,True,30,172.87923572445413
77,Dijk-Bi,CN-01,3,27,3,26,8.0,12.0,0.050199996621813625,136.3434961991216,1,True,40,135.3434961991216
78,Dijk-Bi,CN-01,3,26,3,25,1.0,2.0,0.008100003469735384,inf,0,False,35,0.0
79,Dijk-Bi,CN-01,3,26,3,25,11.0,16.0,0.05750000127591193,41.30967670847886,1,True,43,40.30967670847886
80,Dijk-Bi,CN-01,3,25,3,24,2.0,3.0,0.013600001693703234,inf,0,False,31,0.0
81,Dijk-Bi,CN-01,3,25,3,24,1.0,2.0,0.008900002285372466,inf,0,False,37,0.0
82,Dijk-Bi,CN-01,3,25,3,24,12.0,16.0,0.0444999968749471,12.762295500214393,1,True,28,11.762295500214393
83,Dijk-Bi,CN-01,3,24,3,22,47.0,20.0,0.13839999883202836,24.70993338143302,8,True,36,13.332955969311444
84,Dijk-Bi,CN-01,2,24,2,25,6.0,12.0,0.04579999949783087,1.01866465006916,1,True,25,0.01866465006916007
85,Dijk-Bi,CN-01,2,25,1,25,1.0,2.0,0.009300005331169814,inf,0,False,35,0.0
86,Dijk-Bi,CN-01,2,25,1,25,1.0,2.0,0.009900002623908222,inf,0,False,37,0.0
87,Dijk-Bi,CN-01,2,25,1,25,5.0,11.0,0.03579999611247331,1.3367596784869842,1,True,38,0.3367596784869842
88,Dijk-Bi,CN-01,1,25,0,25,4.0,8.0,0.023999993572942913,1.0485551461672558,1,True,31,0.04855514616725576
89,Dijk-Bi,CN-01,0,25,1,23,2.0,4.0,0.01750000228639692,inf,0,False,37,0.0
90,Dijk-Bi,CN-01,0,25,1,23,102.0,23.0,0.22650000028079376,194.61282811111784,3,True,37,138.44581542918877
91,Dijk-Bi,CN-01,0,24,1,23,6.0,9.0,0.02970000059576705,2.016242210255812,2,True,25,0.0149453385265359
92,Dijk-Bi,CN-01,0,23,1,23,4.0,8.0,0.02010000025620684,1.1379129011695057,1,True,30,0.13791290116950572
93,Dijk-Bi,CN-01,1,23,1,22,12.0,12.0,0.04170000465819612,109.9066996914428,1,True,43,108.9066996914428
94,Dijk-Bi,CN-01,1,22,1,21,103.0,35.0,0.30989999504527077,334.0589201425931,1,True,40,333.0589201425931
95,Dijk-Bi,CN-01,1,21,2,21,176.0,43.0,0.5401000016718172,330.19305996325267,1,True,36,329.19305996325267
96,Dijk-Bi,CN-01,2,21,2,20,1.0,2.0,0.007999995432328433,inf,0,False,28,0.0
97,Dijk-Bi,CN-01,2,21,2,20,5.0,9.0,0.02390000008745119,1.3140174057603122,1,True,30,0.31401740576031223
98,Dijk-Bi,CN-01,2,20,2,19,1.0,2.0,0.00790000194683671,inf,0,False,37,0.0
99,Dijk-Bi,CN-01,2,20,2,19,4.0,8.0,0.024299995857290924,4.86673923013611,1,True,44,3.86673923013611
1,Dijk-Dial,CN-01,0,0,0,1,2.0,2.0,0.025200002710334957,1.6611082188097572,1,True,32,0.6611082188097572
2,Dijk-Dial,CN-01,0,1,0,2,3.0,3.0,0.045000000682193786,1.2686175344206,1,True,38,0.2686175344206001
3,Dijk-Dial,CN-01,0,2,0,3,3.0,4.0,0.25159999495372176,29.70341359388694,1,True,27,28.70341359388694
4,Dijk-Dial,CN-01,0,3,0,4,12.0,6.0,0.15010000061010942,12.78902847861118,1,True,36,11.78902847861118
5,Dijk-Dial,CN-01,0,4,0,5,3.0,4.0,0.04169999738223851,1.0006237649606795,1,True,41,0.000623764960679507
6,Dijk-Dial,CN-01,0,5,0,6,1.0,1.0,5972.469699998328,inf,0,False,28,0.0
7,Dijk-Dial,CN-01,0,5,0,6,2.0,1.0,2.360399994358886,358.8689230334387,1,True,31,357.8689230334387
8,Dijk-Dial,CN-01,0,6,0,7,2.0,3.0,0.02300000051036477,1.1290964138948159,1,True,33,0.12909641389481585
9,Dijk-Dial,CN-01,0,7,0,8,1.0,1.0,5949.250799996662,inf,0,False,36,0.0
10,Dijk-Dial,CN-01,0,7,0,8,2.0,3.0,0.854600002639927,109.3686464954726,1,True,31,108.3686464954726
11,Dijk-Dial,CN-01,0,8,0,9,3.0,5.0,0.25290000485256314,29.565590895673967,1,True,33,28.565590895673967
12,Dijk-Dial,CN-01,0,9,0,10,82.0,21.0,0.8629000003566034,75.47684522412612,1,True,29,74.47684522412612
13,Dijk-Dial,CN-01,0,10,0,11,6.0,7.0,2.360399994358886,334.0589082958008,1,True,36,333.0589082958008
14,Dijk-Dial,CN-01,0,11,0,12,2.0,3.0,0.1864000005298294,24.21025183612484,1,True,36,23.21025183612484
15,Dijk-Dial,CN-01,0,12,0,13,2.0,3.0,0.05129999772179872,5.005129880286928,1,True,31,4.005129880286928
16,Dijk-Dial,CN-01,0,13,0,14,1.0,1.0,5777.780900003563,inf,0,False,38,0.0
17,Dijk-Dial,CN-01,0,13,0,14,1.0,1.0,5766.130300005898,inf,0,False,26,0.0
18,Dijk-Dial,CN-01,0,13,0,14,1.0,1.0,5815.944699999818,inf,0,False,30,0.0
19,Dijk-Dial,CN-01,0,13,0,14,2.0,3.0,0.10569999722065404,12.753211436552892,1,True,31,11.753211436552892
20,Dijk-Dial,CN-01,0,14,1,14,3.0,3.0,0.037099998735357076,1.3367595059635433,1,True,35,0.3367595059635433
21,Dijk-Dial,CN-01,1,14,1,15,5.0,6.0,0.04140000237384811,1.1104319456413283,1,True,36,0.1104319456413283
22,Dijk-Dial,CN-01,1,15,1,16,1.0,1.0,5865.180799999507,inf,0,False,25,0.0
23,Dijk-Dial,CN-01,1,15,1,16,3.0,5.0,0.30300000071292743,25.462794479212207,1,True,20,24.462794479212207
24,Dijk-Dial,CN-01,1,16,2,16,4.0,4.0,0.030499999411404133,1.007673192650074,1,True,32,0.0076731926500739345
25,Dijk-Dial,CN-01,2,16,2,15,3.0,4.0,0.11140000424347818,12.758573798252229,1,True,41,11.758573798252229
26,Dijk-Dial,CN-01,2,15,3,15,2.0,4.0,0.40749999607214704,56.637998456698035,1,True,30,55.637998456698035
27,Dijk-Dial,CN-01,3,15,4,15,4.0,7.0,0.04629999602911994,1.6142689951039308,1,True,27,0.6142689951039308
28,Dijk-Dial,CN-01,4,15,4,14,4.0,4.0,2.409399996395223,348.5086287640706,1,True,39,347.5086287640706
29,Dijk-Dial,CN-01,4,14,4,13,1.0,1.0,5831.366300000809,inf,0,False,38,0.0
30,Dijk-Dial,CN-01,4,14,4,13,2.0,2.0,2.555600003688596,385.9688988950854,1,True,39,384.9688988950854
31,Dijk-Dial,CN-01,4,13,4,12,3.0,6.0,0.03410000499570742,1.000012672174489,1,True,32,1.26721744890812e-05
32,Dijk-Dial,CN-01,4,12,4,11,3.0,6.0,0.05999999848427251,1.0154791148886682,1,True,42,0.015479114888668155
33,Dijk-Dial,CN-01,4,11,4,10,22.0,15.0,0.13469999976223335,4.898870377814651,1,True,31,3.898870377814651
34,Dijk-Dial,CN-01,4,10,5,10,2.0,4.0,0.7928999984869733,109.50856429878431,1,True,31,108.50856429878431
35,Dijk-Dial,CN-01,5,10,5,11,1.0,1.0,5814.976499998011,inf,0,False,38,0.0
36,Dijk-Dial,CN-01,5,10,5,11,6.0,7.0,2.5869000019156374,365.1912343597301,1,True,43,364.1912343597301
37,Dijk-Dial,CN-01,5,11,6,11,37.0,15.0,2.9070000018691644,387.42283933041887,1,True,26,386.42283933041887
38,Dijk-Dial,CN-01,6,11,7,11,3.0,4.0,1.2915999977849424,189.76194344274305,1,True,39,188.76194344274305
39,Dijk-Dial,CN-01,7,11,7,10,424.0,84.0,3.767499998502899,345.91324210147855,1,True,39,344.91324210147855
40,Dijk-Dial,CN-01,7,10,8,10,4.0,5.0,1.575100002810359,221.1002591572431,1,True,35,220.1002591572431
41,Dijk-Dial,CN-01,8,10,8,9,168.0,36.0,0.9065000049304217,56.703148299160375,1,True,31,55.703148299160375
42,Dijk-Dial,CN-01,8,9,8,8,4.0,7.0,0.03840000135824084,1.1834374695008623,1,True,44,0.18343746950086226
43,Dijk-Dial,CN-01,8,8,9,8,6.0,9.0,0.993200002994854,136.35022897736002,1,True,33,135.35022897736002
44,Dijk-Dial,CN-01,9,8,10,8,3.0,6.0,0.0360000049113296,1.2584631460506936,1,True,29,0.25846314605069365
45,Dijk-Dial,CN-01,10,8,11,8,1.0,1.0,5880.788800001028,inf,0,False,30,0.0
46,Dijk-Dial,CN-01,10,8,11,8,3.0,6.0,0.18760000239126384,24.077771245505236,1,True,45,23.077771245505236
47,Dijk-Dial,CN-01,11,8,11,7,1.0,1.0,5855.759600002784,inf,0,False,37,0.0
48,Dijk-Dial,CN-01,11,8,11,7,2.0,3.0,1.2743000042974018,183.4871738674105,1,True,40,182.4871738674105
49,Dijk-Dial,CN-01,11,7,11,6,2.0,4.0,0.4362999970908277,58.33897179099645,1,True,43,57.33897179099645
50,Dijk-Dial,CN-01,11,6,11,5,1385.0,175.0,6760.863499999687,inf,0,False,31,0.0
51,Dijk-Dial,CN-01,11,6,11,5,1.0,1.0,5834.341699999641,inf,0,False,29,0.0
52,Dijk-Dial,CN-01,11,6,11,5,1.0,1.0,5860.603299996001,inf,0,False,33,0.0
53,Dijk-Dial,CN-01,11,6,11,5,2.0,1.0,2.3782999996910803,341.9367063824314,1,True,26,340.9367063824314
54,Dijk-Dial,CN-01,11,5,11,4,3.0,6.0,0.05119999696034938,4.096958453519418,1,True,46,3.0969584535194183
55,Dijk-Dial,CN-01,11,4,12,4,2.0,3.0,0.11390000145183876,12.75322363752575,1,True,35,11.75322363752575
56,Dijk-Dial,CN-01,12,4,12,3,2.0,4.0,0.9376000016345643,132.39564556224659,1,True,32,131.39564556224659
57,Dijk-Dial,CN-01,12,3,13,3,64.0,34.0,0.702500001352746,59.73364377172005,1,True,50,58.73364377172005
58,Dijk-Dial,CN-01,13,3,13,2,10.0,11.0,0.8354000019608065,109.47975891354307,1,True,34,108.47975891354307
59,Dijk-Dial,CN-01,13,2,13,1,1.0,1.0,5840.543400001479,inf,0,False,30,0.0
60,Dijk-Dial,CN-01,13,2,13,1,2.0,4.0,0.8003999973880127,109.50595516946767,1,True,36,108.50595516946767
61,Dijk-Dial,CN-01,13,1,14,1,1.0,1.0,5787.856200004171,inf,0,False,21,0.0
62,Dijk-Dial,CN-01,13,1,14,1,1.0,1.0,5728.6748999977135,inf,0,False,44,0.0
63,Dijk-Dial,CN-01,13,1,14,1,34.0,16.0,0.27799999952549115,13.559616292093509,1,True,27,12.559616292093509
64,Dijk-Dial,CN-01,14,1,15,1,3.0,4.0,0.9582999991835095,137.1608727495884,1,True,37,136.1608727495884
65,Dijk-Dial,CN-01,15,1,15,2,5.0,7.0,0.037500001781154424,1.000000435062139,1,True,29,4.3506213898147905e-07
66,Dijk-Dial,CN-01,15,2,15,3,454.0,93.0,2.6944999990519136,165.13512417514545,1,True,32,164.13512417514545
67,Dijk-Dial,CN-01,15,3,14,3,2.0,3.0,0.7463000001735054,110.23939799675045,1,True,37,109.23939799675045
68,Dijk-Dial,CN-01,14,3,14,4,1.0,1.0,5757.785699999658,inf,0,False,25,0.0
69,Dijk-Dial,CN-01,14,3,14,4,4.0,7.0,0.03650000144261867,1.1385786765761148,1,True,31,0.13857867657611478
70,Dijk-Dial,CN-01,14,4,15,4,1.0,1.0,5840.240900004574,inf,0,False,37,0.0
71,Dijk-Dial,CN-01,14,4,15,4,3.0,4.0,1.6252999994321726,244.7492395481786,1,True,34,243.7492395481786
72,Dijk-Dial,CN-01,15,4,15,5,1.0,1.0,5767.301700005191,inf,0,False,37,0.0
73,Dijk-Dial,CN-01,15,4,15,5,1284.0,153.0,6719.539100005932,inf,0,False,38,0.0
74,Dijk-Dial,CN-01,15,4,15,5,3.0,5.0,2.9088000010233372,332.08798627456815,1,True,46,331.08798627456815
75,Dijk-Dial,CN-01,15,5,14,5,2.0,4.0,0.515899999300018,68.38931221541779,1,True,31,67.38931221541779
76,Dijk-Dial,CN-01,14,5,14,6,1.0,1.0,5856.469699996524,inf,0,False,30,0.0
77,Dijk-Dial,CN-01,14,5,14,6,44.0,19.0,0.3198000049451366,24.12368957478316,1,True,40,23.12368957478316
78,Dijk-Dial,CN-01,14,6,15,6,2.0,4.0,0.2697000018088147,36.155892218353685,1,True,35,35.155892218353685
79,Dijk-Dial,CN-01,15,6,16,6,3.0,6.0,1.3608000008389354,191.62335184611692,1,True,43,190.62335184611692
80,Dijk-Dial,CN-01,16,6,16,7,78.0,24.0,0.4154999987804331,20.13163304902525,1,True,31,19.13163304902525
81,Dijk-Dial,CN-01,16,7,17,7,1.0,1.0,5812.5184000018635,inf,0,False,37,0.0
82,Dijk-Dial,CN-01,16,7,17,7,120.0,32.0,1.3278000042191707,109.38930364521215,1,True,28,108.38930364521215
83,Dijk-Dial,CN-01,17,7,18,7,1.0,1.0,5804.915399996389,inf,0,False,36,0.0
84,Dijk-Dial,CN-01,17,7,18,7,2.0,4.0,0.7796999998390675,109.63664704839745,1,True,25,108.63664704839745
85,Dijk-Dial,CN-01,18,7,18,6,3.0,6.0,0.06130000110715628,4.882171198048429,1,True,35,3.882171198048429
86,Dijk-Dial,CN-01,18,6,17,6,1.0,1.0,5744.399900002463,inf,0,False,37,0.0
87,Dijk-Dial,CN-01,18,6,17,6,2.0,4.0,0.02830000448739156,1.3359986441200167,1,True,38,0.3359986441200167
88,Dijk-Dial,CN-01,17,6,17,5,2.0,4.0,0.15970000094966963,19.982042404866604,1,True,31,18.982042404866604
89,Dijk-Dial,CN-01,17,5,17,4,10.0,12.0,0.6106000000727363,74.69156346907096,1,True,37,73.69156346907096
90,Dijk-Dial,CN-01,17,4,18,4,1.0,1.0,5790.30700000294,inf,0,False,37,0.0
91,Dijk-Dial,CN-01,17,4,18,4,2.0,4.0,0.7713000013609417,109.8945667034658,1,True,25,108.8945667034658
92,Dijk-Dial,CN-01,18,4,18,3,3.0,5.0,0.03459999425103888,1.000000446736477,1,True,30,4.467364769222826e-07
93,Dijk-Dial,CN-01,18,3,18,2,5.0,5.0,1.9736000031116419,278.3826355016577,1,True,43,277.3826355016577
94,Dijk-Dial,CN-01,18,2,18,1,3.0,6.0,0.17550000484334305,22.419197088127795,1,True,40,21.419197088127795
95,Dijk-Dial,CN-01,18,1,18,0,2.0,4.0,0.07420000474667177,8.731855748759585,1,True,36,7.731855748759585
96,Dijk-Dial,CN-01,18,0,19,0,3.0,4.0,0.027800000680144876,1.0192038902524834,1,True,28,0.01920389025248337
97,Dijk-Dial,CN-01,19,0,20,0,1.0,1.0,5883.038400002988,inf,0,False,30,0.0
98,Dijk-Dial,CN-01,19,0,20,0,357.0,85.0,4.022699999040924,331.80097978385146,1,True,37,330.80097978385146
99,Dijk-Dial,CN-01,20,0,21,0,4.0,4.0,0.03309999738121405,1.2692996727756947,1,True,44,0.26929967277569467
